WELL_ID,TREND,Presence,p-val,z
W0601502030,|('no trend', False,1, 0)|
W0601510701,|('decreasing', True,0.000220034, -3.6948303200820756)|
W0601500455,|('no trend', False,0.815745339, -0.2330206912141852)|
W0601500495,|('no trend', False,0.395488656, 0.8497058314499201)|
W0601510038,|('no trend', False,0.698756174, 0.3870000463968843)|
W0601510022,|('no trend', False,0.705593381, -0.37778087616760364)|
W0601510026,|('no trend', False,0.512449676, 0.6550280794721897)|
W0601500407,|('no trend', False,0.329192179, 0.975742310718226)|
W0601500371,|('increasing', True,1.57E-06, 4.802725322415301)|
W0601503104,|('no trend', False,1, 0.0)|
W0601510052,|('decreasing', True,0.000245644, -3.6667590527902854)|
W0601510055,|('no trend', False,0.458402583, 0.7414797868493969)|
W0601510044,|('decreasing', True,0.017984184, -2.3659435909654003)|
W0601500481,|('decreasing', True,0.004687664, -2.827748337732258)|
W0601502183,|('no trend', False,1, 0.0)|
W0601510003,|('decreasing', True,0.00354141, -2.9163605840227427)|
W0601510056,|('no trend', False,0.279909099, -1.0805235638660666)|
W0601502029,|('no trend', False,1, 0)|
W0601502217,|('no trend', False,1, 0)|
W0601500424,|('no trend', False,0.135109206, 1.4942541429619325)|
W0601503397,|('no trend', False,1, 0)|
W0601502756,|('no trend', False,1, 0.0)|
W0601503209,|('no trend', False,0.089429359, 1.6984155512168937)|
W0601500380,|('no trend', False,0.306592915, 1.0223972648864954)|
W0601503226,|('decreasing', True,0.008090376, -2.648274679602921)|
W0601500449,|('no trend', False,0.747898059, 0.32141217326661253)|
W0601502244,|('no trend', False,1, 0.0)|
W0601500458,|('increasing', True,0.024170547, 2.2544074479065386)|
W0601510031,|('no trend', False,0.058627941, -1.890973059159369)|
W0601510005,|('increasing', True,0.003188694, 2.9489365610788076)|
W0601510006,|('no trend', False,0.126722877, 1.527153377010946)|
W0601500216,|('no trend', False,0.353262801, 0.928279121632914)|
W0601510012,|('no trend', False,0.187862948, -1.316927438794825)|
W0601500569,|('increasing', True,7.25E-07, 4.954629756191921)|
W0601510014,|('no trend', False,0.698558291, -0.38726735447154037)|
W0601500050,|('no trend', False,0.196197663, 1.2924606552829938)|
W0601510017,|('no trend', False,0.073519968, -1.7895892473637076)|
W0601500252,|('no trend', False,1, 0.0)|
W0601500336,|('no trend', False,0.660050948, -0.4398428249989876)|
W0601510019,|('no trend', False,0.390041374, 0.8595423339799436)|
W0601510043,|('no trend', False,0.086283072, -1.7153391117083598)|
W0601510032,|('increasing', True,0.034440305, 2.114878493289016)|
W0601500377,|('no trend', False,1, 0.0)|
W0601510703,|('no trend', False,0.436169532, -0.7786778078328643)|
W0601500448,|('increasing', True,0.000540721, 3.4597279317954697)|
W0601510007,|('no trend', False,0.053675607, 1.929445277873038)|
W0601500520,|('no trend', False,1, 0.0)|
W0601510045,|('no trend', False,0.599913291, 0.5245252092333527)|
W0601510018,|('increasing', True,0.000877145, 3.3272283221039696)|
W0601510028,|('no trend', False,0.835428249, -0.20774478269463736)|
W0601510029,|('no trend', False,0.219321933, -1.2283331466299108)|
W0601502724,|('no trend', False,1, 0)|
W0601500554,|('no trend', False,0.945836086, 0.06793662204867575)|
W0601500374,|('no trend', False,1, 0.0)|
W0601500211,|('no trend', False,0.543850485, -0.6070006438706541)|
W0601503341,|('no trend', False,0.091393905, -1.6880902558642397)|
W0601510033,|('no trend', False,0.079440383, 1.753942369608548)|
W0601510023,|('increasing', True,0.013650755, 2.4663246362668065)|
W0601510702,|('no trend', False,0.795020033, 0.2597974308304364)|
W0601500465,|('no trend', False,0.80612609, 0.24542665764607569)|
W0601503140,|('no trend', False,1, 0)|
W0601510024,|('increasing', True,0.047814565, 1.9790127972780778)|
W0601500364,|('no trend', False,0.567709166, 0.5714285714285714)|
W0601510015,|('no trend', False,0.973576402, 0.03312312444903266)|
W0601502564,|('no trend', False,0.548005572, 0.6007514091861106)|
W0601500301,|('increasing', True,0.027486336, 2.2045407685048604)|
W0601500484,|('no trend', False,1, 0)|
W0601510002,|('no trend', False,0.362562687, 0.9104927817414118)|
W0601502645,|('decreasing', True,0.042960146, -2.0240972548199596)|
W0601502094,|('no trend', False,0.520050527, -0.6432675209026769)|
W0601500070,|('no trend', False,1, 0.0)|
W0601500121,|('no trend', False,0.457717434, -0.7426106572325056)|
W0601502027,|('no trend', False,1, 0)|
W0601503249,|('no trend', False,1, 0.0)|
W0601502820,|('no trend', False,0.229556214, 1.2015028183722212)|
W0601500550,|('increasing', True,0.037619707, 2.078974359474349)|
W0601504001,|('no trend', False,1, 0)|
W0601500209,|('no trend', False,0.194268342, -1.2980552728017947)|
W0601503475,|('no trend', False,0.482932897, -0.7015931938871256)|
W0601503093,|('increasing', True,0.004434008, 2.8455120410060126)|
W0601510020,|('decreasing', True,0.026674651, -2.216246115289374)|
W0601500398,|('no trend', False,0.938134268, 0.07761505257063328)|
W0601500544,|('no trend', False,0.244332522, 1.1642257885594993)|
W0601500373,|('no trend', False,0.220671362, 1.224744871391589)|
W0601500006,|('no trend', False,1, 0.0)|
W0601502033,|('no trend', False,0.308179547, 1.0190493307301363)|
W0601503304,|('no trend', False,0.465003304, 0.7306330752902452)|
W0601500588,|('no trend', False,0.075287444, 1.7787092376951583)|
W0601503319,|('no trend', False,1, 0)|
W0601503349,|('increasing', True,0.001643679, 3.148042295477062)|
W0601500284,|('no trend', False,0.102312732, 1.6337434459115125)|
W0601500087,|('no trend', False,1, 0)|
W0601510046,|('increasing', True,0.027830978, 2.199660689818172)|
W0601502320,|('no trend', False,0.230535217, -1.1989812986603614)|
W0601502084,|('no trend', False,1, 0.0)|
W0601502133,|('no trend', False,0.220671362, 1.224744871391589)|
W0601502545,|('no trend', False,0.533829422, -0.6221710168382552)|
W0601502398,|('no trend', False,1, 0)|
W0601502465,|('no trend', False,0.9386243, -0.07699905035090181)|
W0601502324,|('no trend', False,1, 0)|
W0601500026,|('no trend', False,0.296269871, 1.044465935734187)|
W0601503578,|('no trend', False,1, 0)|
W0601502245,|('no trend', False,1, 0.0)|
W0601502763,|('no trend', False,0.296269871, 1.044465935734187)|
W0601503100,|('no trend', False,0.086410733, -1.7146428199482247)|
W0601500405,|('no trend', False,0.503187572, 0.6694827640161777)|
W0601500395,|('no trend', False,1, 0.0)|
W0601500305,|('no trend', False,0.489483957, 0.6911298276501672)|
W0601500585,|('no trend', False,0.377873894, -0.8818204817099624)|
W0601502231,|('no trend', False,0.520050527, -0.6432675209026769)|
W0601500571,|('no trend', False,0.536186772, -0.6185895741317419)|
W0601510021,|('no trend', False,0.235117521, 1.1872791724760081)|
W0601502524,|('no trend', False,1, 0)|
W0601500352,|('no trend', False,1, 0)|
W0601500251,|('decreasing', True,0.0347655, -2.111079253238338)|
W0601510025,|('no trend', False,0.117245037, 1.5664425975995397)|
W0601502327,|('no trend', False,1, 0.0)|
W0601510049,|('no trend', False,0.199398725, -1.2832664993548824)|
W0601500314,|('increasing', True,0.001820533, 3.1180478223116177)|
W0601502429,|('no trend', False,1, 0)|
W0601503329,|('no trend', False,0.654146278, -0.4480095859171255)|
W0601510001,|('increasing', True,0.034022798, 2.1198013960862045)|
W0601503202,|('no trend', False,0.296269871, -1.044465935734187)|
W0601502252,|('no trend', False,0.806495941, 0.2449489742783178)|
W0601500540,|('no trend', False,0.085624284, 1.718945569047122)|
W0601502685,|('no trend', False,1, 0.0)|
W0601502134,|('no trend', False,1, 0)|
W0601503292,|('no trend', False,1, 0.0)|
W0601502260,|('no trend', False,0.308179547, 1.0190493307301363)|
W0601500579,|('no trend', False,0.860579192, 0.17563692393356012)|
W0601500421,|('no trend', False,1, 0.0)|
W0601500231,|('no trend', False,0.312976704, -1.0089956834182328)|
W0601503380,|('no trend', False,0.303673215, -1.0285882219856124)|
W0601500600,|('no trend', False,0.734095182, -0.3396831102433787)|
W0601502315,|('no trend', False,0.087371786, -1.7094275248537958)|
W0601510013,|('no trend', False,0.171496983, -1.36740951055551)|
W0601510800,|('no trend', False,0.264569093, -1.115656744018239)|
W0601500475,|('increasing', True,0.033200055, 2.129655622598673)|
W0601500290,|('no trend', False,0.452370361, -0.7514691493021795)|
W0601500597,|('no trend', False,0.457717434, -0.7426106572325056)|
W0601502615,|('no trend', False,0.300281767, -1.0358293407564896)|
W0601502142,|('no trend', False,1, 0)|
W0601502163,|('no trend', False,1, 0)|
W0601500525,|('no trend', False,1, 0)|
W0601503543,|('no trend', False,1, 0)|
W0601510051,|('no trend', False,0.757050396, 0.3093564474773736)|
W0601500443,|('increasing', True,0.037755692, 2.077497214145253)|
W0601502744,|('no trend', False,0.296269871, 1.044465935734187)|
W0601502569,|('increasing', True,0.042254021, 2.03100960115899)|
W0601500096,|('increasing', True,0.004878564, 2.8149445897705094)|
W0601503182,|('no trend', False,0.710523023, -0.3711537444790451)|
W0601502686,|('no trend', False,1, 0)|
W0601900767,|('no trend', False,1, 0.0)|
W0601502633,|('no trend', False,1, 0.0)|
W0601503482,|('no trend', False,1, 0)|
W0601502213,|('no trend', False,1, 0.0)|
W0601510054,|('no trend', False,0.78909362, 0.26748778252687505)|
W0601500436,|('no trend', False,0.335088748, -0.9639145911260822)|
W0601500478,|('no trend', False,0.330422511, -0.9732631917600489)|
W0601500038,|('no trend', False,0.220671362, -1.224744871391589)|
W0601500556,|('no trend', False,0.312976704, 1.0089956834182328)|
W0601500516,|('no trend', False,0.353262801, 0.928279121632914)|
W0601510027,|('increasing', True,0.014022064, 2.4566976732517)|
W0601502580,|('no trend', False,1, 0)|
W0601500491,|('no trend', False,1, 0.0)|
W0601500409,|('increasing', True,0.003227409, 2.9452048899143537)|
W0601503305,|('no trend', False,0.132854956, -1.502938298604359)|
W0601502670,|('no trend', False,0.487746953, 0.6938967635366243)|
W0601502581,|('increasing', True,5.20E-05, 4.046500631475657)|
W0601500327,|('no trend', False,0.65591049, -0.4455663943395034)|
W0601502247,|('increasing', True,0.016052616, 2.407717061715384)|
W0601510004,|('no trend', False,0.124174726, -1.5374844271921468)|
W0601500289,|('no trend', False,0.299665448, 1.0371510893471572)|
W0601502067,|('no trend', False,1, 0.0)|
W0601503082,|('no trend', False,1, 0)|
W0601510036,|('no trend', False,0.592662735, 0.534981377242023)|
W0601500518,|('increasing', True,0.014063532, 2.4556365272101743)|
W0603610854,|('no trend', False,0.868897761, -0.16505872320936057)|
W0601503368,|('no trend', False,1, 0)|
W0601500493,|('decreasing', True,0.035071535, -2.1075314963347274)|
W0601502682,|('no trend', False,1, 0)|
W0601500349,|('no trend', False,0.387595441, 0.8639862547249904)|
W0601500426,|('no trend', False,0.089429359, 1.6984155512168937)|
W0601500553,|('no trend', False,0.250535974, 1.1490485194281397)|
W0601503231,|('no trend', False,1, 0)|
W0601502034,|('no trend', False,0.133128484, -1.5018785229652765)|
W0601500341,|('no trend', False,0.806495941, -0.2449489742783178)|
W0601500592,|('no trend', False,1, 0.0)|
W0601502650,|('no trend', False,1, 0)|
W0601502573,|('no trend', False,1, 0)|
W0601510039,|('decreasing', True,0, -12.98752654674083)|
W0601503270,|('no trend', False,0.296269871, -1.044465935734187)|
W0601502471,|('no trend', False,1, 0)|
W0601502597,|('no trend', False,0.806020029, 0.24556365272101743)|
W0601502608,|('no trend', False,0.93028857, 0.08748177652797065)|
W0601502221,|('no trend', False,0.462432726, -0.7348469228349533)|
W0601503521,|('no trend', False,0.308179547, 1.0190493307301363)|
W0601500438,|('no trend', False,1, 0)|
W0601500578,|('no trend', False,0.457717434, -0.7426106572325056)|
W0601502422,|('no trend', False,0.296269871, -1.044465935734187)|
W0601503077,|('no trend', False,1, 0.0)|
W0601500543,|('no trend', False,0.298500251, 1.0396549201255079)|
W0601500542,|('no trend', False,0.656005132, -0.44543540318737396)|
W0601502056,|('no trend', False,0.536101864, 0.6187184335382291)|
W0601502691,|('no trend', False,1, 0.0)|
W0601500489,|('increasing', True,0.040134998, 2.0523568127251828)|
W0601500466,|('increasing', True,0.026346575, 2.221064767143571)|
W0601502656,|('no trend', False,1, 0)|
W0601502294,|('no trend', False,1, 0)|
W0601500591,|('no trend', False,1, 0.0)|
W0601503366,|('no trend', False,1, 0)|
W0601500393,|('no trend', False,0.585192744, -0.5458155346042223)|
W0601500563,|('no trend', False,0.340430387, 0.9533152111491489)|
W0601500447,|('increasing', True,0.040134998, 2.0523568127251828)|
W0601502666,|('no trend', False,0.579639271, -0.5539117094069973)|
W0601502794,|('no trend', False,1, 0)|
W0601503658,|('no trend', False,1, 0)|
W0601500401,|('no trend', False,0.10776229, -1.6083328927425289)|
W0601502620,|('no trend', False,0.341268476, -0.9516619028617729)|
W0601500402,|('no trend', False,1, 0)|
W0601500003,|('no trend', False,1, 0.0)|
W0601503682,|('no trend', False,1, 0)|
W0601500546,|('increasing', True,0.007895134, 2.6565218126241223)|
W0601503290,|('no trend', False,0.734095182, 0.3396831102433787)|
W0601503105,|('no trend', False,1, 0)|
W0601503091,|('no trend', False,1, 0.0)|
W0601502249,|('no trend', False,1, 0)|
W0601503206,|('no trend', False,1, 0)|
W0601502042,|('no trend', False,1, 0)|
W0601502699,|('decreasing', True,0.014063532, -2.4556365272101743)|
W0601502576,|('no trend', False,1, 0.0)|
W0601503649,|('no trend', False,1, 0.0)|
W0601502606,|('no trend', False,1, 0.0)|
W0601503672,|('no trend', False,1, 0)|
W0601500042,|('no trend', False,1, 0)|
L10009752374,|('increasing', True,3.53E-06, 4.637150173889173)|
SL205064267,|('increasing', True,1.35E-11, 6.762656114479315)|
T0602900128,|('increasing', True,0.02885028, 2.185526297928943)|
GAOG10009277,|('no trend', False,0.182928096, -1.331793373583255)|
L10004418676,|('no trend', False,0.398940595, -0.8435147950367571)|
L10006923234,|('decreasing', True,5.28E-05, -4.0430753104038315)|
GAGW10000038,|('no trend', False,0.473782995, 0.7163374701823408)|
SL0602961924,|('no trend', False,0.122383253, 1.544847095095785)|
GAOG10010391,|('no trend', False,0.472167552, 0.7189567758695331)|
T0602900753,|('no trend', False,0.452787478, 0.7507759960689286)|
L10008917084,|('no trend', False,0.283496723, 1.0724973070003194)|
SLT5FS324450,|('decreasing', True,9.65E-10, -6.11507930408749)|
T0602925120,|('no trend', False,0.461310307, 0.7366909581630523)|
L10004748466,|('no trend', False,0.070773125, 1.806930446411045)|
 SIERRA-G-02|,|('no trend', False,1, 0.0)|
 SOSA-15|,|('no trend', False,1, 0)|
USGS-353937117443501,|('no trend', False,0.276558989, 1.0880818196647797)|
USGS-354022117412201,|('no trend', False,0.462432726, -0.7348469228349533)|
USGS-354308117494401,|('no trend', False,1, 0.0)|
USGS-353910117420801,|('no trend', False,1, 0.0)|
USGS-354037119165701,|('no trend', False,1, 0.0)|
USGS-344950118231301,|('no trend', False,0.734095182, -0.3396831102433787)|
USGS-345147118133201,|('increasing', True,0.024170547, 2.2544074479065386)|
USGS-350010117483001,|('no trend', False,1, 0.0)|
USGS-350210117430801,|('no trend', False,0.916965237, 0.10425720702853739)|
USGS-353911117435701,|('no trend', False,0.255818358, 1.1363302905845705)|
USGS-353955117381601,|('increasing', True,0.017679221, 2.3722688663952245)|
USGS-345701118153802,|('no trend', False,0.140648084, 1.4733819163261046)|
USGS-352140117470501,|('no trend', False,1, 0.0)|
USGS-351529117573001,|('no trend', False,1, 0.0)|
USGS-353555119230301,|('no trend', False,1, 0.0)|
USGS-345144118170201,|('no trend', False,1, 0.0)|
USGS-352101118555801,|('no trend', False,1, 0)|
USGS-350733118070801,|('no trend', False,0.195777821, 1.2936746623588715)|
USGS-353434119191501,|('no trend', False,1, 0.0)|
USGS-353634118540901,|('no trend', False,1, 0.0)|
USGS-353955117381602,|('no trend', False,1, 0.0)|
USGS-345149118133201,|('no trend', False,1, 0.0)|
USGS-350049117484001,|('no trend', False,1, 0.0)|
USGS-350812119153101,|('no trend', False,1, 0.0)|
USGS-353603119090201,|('no trend', False,1, 0.0)|
USGS-354448119163001,|('no trend', False,1, 0.0)|
USGS-351309117451101,|('no trend', False,1, 0.0)|
USGS-353628117390801,|('no trend', False,1, 0.0)|
USGS-354003117412001,|('no trend', False,0.462432726, -0.7348469228349533)|
USGS-354633119450403,|('no trend', False,1, 0)|
USGS-353708117380701,|('no trend', False,1, 0.0)|
USGS-353941117411101,|('no trend', False,0.308179547, -1.0190493307301363)|
USGS-350653117580701,|('no trend', False,1, 0.0)|
USGS-353942117390801,|('no trend', False,0.348082624, -0.9383148632568366)|
USGS-354240117485301,|('no trend', False,0.132854956, -1.502938298604359)|
USGS-345140117534201,|('no trend', False,0.083876341, 1.7286243931201821)|
USGS-345212117561802,|('no trend', False,1, 0.0)|
USGS-353623117404001,|('no trend', False,1, 0.0)|
USGS-353955117393101,|('no trend', False,1, 0)|
USGS-354306119215501,|('no trend', False,0.734095182, 0.3396831102433787)|
USGS-354438119032201,|('no trend', False,1, 0.0)|
USGS-350418117420001,|('no trend', False,1, 0)|
USGS-345021118144601,|('increasing', True,0.047603955, 1.9808869335422103)|
USGS-345211118053301,|('no trend', False,1, 0.0)|
USGS-351844117553901,|('increasing', True,0.024170547, 2.2544074479065386)|
USGS-351104117590401,|('no trend', False,1, 0.0)|
USGS-354242117452701,|('no trend', False,0.125466405, 1.532227094691528)|
USGS-352531117471802,|('no trend', False,1, 0.0)|
USGS-354638119465604,|('no trend', False,1, 0)|
USGS-344933118241601,|('no trend', False,0.903064283, -0.12179132693946701)|
USGS-350332117422201,|('no trend', False,1, 0.0)|
USGS-352907119354501,|('no trend', False,1, 0.0)|
USGS-353921117403701,|('no trend', False,1, 0.0)|
USGS-353953117373701,|('no trend', False,1, 0.0)|
USGS-354435117454001,|('no trend', False,1, 0.0)|
USGS-350006117385501,|('no trend', False,0.096565894, 1.661735128220992)|
USGS-350035117485001,|('no trend', False,1, 0.0)|
USGS-353808117421501,|('no trend', False,0.634194817, 0.47583095143088644)|
USGS-353943120023601,|('no trend', False,1, 0.0)|
USGS-354626117381601,|('no trend', False,1, 0.0)|
USGS-345134118141101,|('no trend', False,1, 0.0)|
USGS-345956117384401,|('no trend', False,1, 0.0)|
USGS-354638119465602,|('no trend', False,1, 0)|
USGS-353725117382701,|('no trend', False,1, 0.0)|
USGS-353913117400601,|('increasing', True,0.000342157, 3.5810951431430054)|
USGS-353929117374901,|('no trend', False,1, 0.0)|
USGS-354636119225501,|('no trend', False,1, 0.0)|
USGS-354638119465601,|('no trend', False,1, 0)|
USGS-350218117442501,|('no trend', False,1, 0.0)|
USGS-350735117575601,|('no trend', False,0.806495941, -0.2449489742783178)|
USGS-353516119113901,|('no trend', False,1, 0.0)|
USGS-354258117494201,|('no trend', False,1, 0.0)|
USGS-353908117395201,|('increasing', True,0.014422854, 2.446555635430061)|
USGS-353911117432601,|('no trend', False,0.806495941, 0.2449489742783178)|
USGS-354010117375601,|('no trend', False,0.089429359, 1.6984155512168937)|
USGS-354011119172901,|('no trend', False,1, 0.0)|
USGS-354147117414101,|('increasing', True,0.014532178, 2.4438323395909443)|
USGS-350122117461401,|('no trend', False,0.584175975, -0.5472951500600487)|
USGS-351535118494501,|('no trend', False,0.296269871, 1.044465935734187)|
USGS-353016119260201,|('no trend', False,1, 0.0)|
USGS-354055117400401,|('no trend', False,0.296269871, 1.044465935734187)|
USGS-353911117434001,|('no trend', False,0.265510389, -1.1134612334371354)|
USGS-350249117514301,|('no trend', False,1, 0.0)|
USGS-351826117580601,|('no trend', False,0.858027657, -0.17888543819998318)|
USGS-351630117591801,|('no trend', False,0.707114231, 0.3757345746510897)|
USGS-350113117444801,|('no trend', False,0.07633274, -1.7723725194851356)|
USGS-353850117430501,|('no trend', False,1, 0.0)|
USGS-344923117550301,|('no trend', False,0.089429359, 1.6984155512168937)|
USGS-345240117565001,|('no trend', False,0.132854956, -1.502938298604359)|
USGS-353701117384701,|('no trend', False,1, 0.0)|
USGS-354658117411201,|('no trend', False,0.219515198, 1.2278182636050872)|
USGS-350616117475501,|('no trend', False,1, 0.0)|
USGS-352045118473601,|('no trend', False,1, 0.0)|
USGS-354358119564101,|('no trend', False,1, 0.0)|
USGS-351824117570101,|('no trend', False,0.799897911, -0.25347922728967703)|
USGS-352137117531201,|('increasing', True,0.000302485, 3.613162749578969)|
USGS-354258117403902,|('no trend', False,0.298500251, 1.0396549201255079)|
USGS-353540117390601,|('no trend', False,0.707114231, -0.3757345746510897)|
USGS-353954117390801,|('no trend', False,1, 0.0)|
USGS-353644117380601,|('no trend', False,0.839473398, -0.20256711147285464)|
USGS-350023117490201,|('no trend', False,0.762204021, -0.3025877897888935)|
USGS-344921117570601,|('no trend', False,1, 0.0)|
USGS-350536118555401,|('no trend', False,1, 0.0)|
USGS-352208118595201,|('no trend', False,1, 0.0)|
USGS-351818119073901,|('no trend', False,1, 0.0)|
USGS-353158119482001,|('no trend', False,1, 0.0)|
USGS-353614117400701,|('no trend', False,1, 0.0)|
USGS-354220120004201,|('no trend', False,1, 0.0)|
USGS-350001117385101,|('no trend', False,0.132854956, 1.502938298604359)|
USGS-353617117400701,|('no trend', False,1, 0.0)|
USGS-350019117385202,|('no trend', False,1, 0.0)|
USGS-350733118063301,|('no trend', False,1, 0.0)|
USGS-350707117583301,|('no trend', False,1, 0.0)|
USGS-354608117503601,|('no trend', False,1, 0.0)|
USGS-353959117431501,|('no trend', False,1, 0.0)|
USGS-345145118200101,|('no trend', False,1, 0.0)|
USGS-352749119261501,|('increasing', True,0.027486336, 2.2045407685048604)|
USGS-353137119183601,|('no trend', False,1, 0.0)|
USGS-354148117451701,|('no trend', False,1, 0.0)|
USGS-354052117445201,|('no trend', False,1, 0.0)|
USGS-354704117441501,|('no trend', False,1, 0.0)|
USGS-345213118051501,|('no trend', False,1, 0.0)|
USGS-350040117523501,|('increasing', True,4.29E-06, 4.596681284074584)|
USGS-353923117392601,|('no trend', False,0.089429359, 1.6984155512168937)|
USGS-350058117472101,|('no trend', False,1, 0.0)|
USGS-350820118055801,|('no trend', False,1, 0.0)|
USGS-351745117590401,|('decreasing', True,0.020205988, -2.3225007538356612)|
USGS-353626117384602,|('no trend', False,0.734095182, -0.3396831102433787)|
USGS-353910117491101,|('no trend', False,0.875698162, 0.15642483527772102)|
USGS-354637117462601,|('no trend', False,1, 0.0)|
USGS-354654119422202,|('no trend', False,1, 0)|
USGS-345006118183101,|('no trend', False,0.308179547, 1.0190493307301363)|
USGS-351208119222801,|('no trend', False,1, 0.0)|
USGS-353725117405101,|('no trend', False,0.220671362, -1.224744871391589)|
USGS-353727119215801,|('no trend', False,1, 0.0)|
USGS-354239119214001,|('no trend', False,1, 0.0)|
USGS-345147118141601,|('no trend', False,1, 0.0)|
USGS-345302117574001,|('no trend', False,1, 0.0)|
USGS-350210117455801,|('no trend', False,0.602167528, -0.5212860351426869)|
USGS-352226117592201,|('no trend', False,0.259656356, 1.1272037239532693)|
USGS-353922117442301,|('no trend', False,0.827728033, 0.21761636393295594)|
USGS-353948117381002,|('no trend', False,1, 0.0)|
USGS-354633119450402,|('no trend', False,1, 0)|
USGS-345148118170101,|('no trend', False,0.116545834, 1.5694383483343715)|
USGS-353609119240801,|('no trend', False,1, 0.0)|
USGS-353723117382601,|('no trend', False,1, 0.0)|
USGS-354036117544101,|('no trend', False,1, 0.0)|
USGS-350707117593401,|('no trend', False,1, 0.0)|
USGS-351100118011001,|('no trend', False,1, 0.0)|
USGS-354120117434701,|('no trend', False,1, 0.0)|
USGS-354313119275301,|('no trend', False,1, 0.0)|
USGS-354654119422204,|('no trend', False,1, 0)|
USGS-350233117475701,|('no trend', False,1, 0.0)|
USGS-351701117555202,|('no trend', False,0.916461078, 0.10489254019125985)|
USGS-353942117383101,|('no trend', False,0.086410733, -1.7146428199482247)|
USGS-353942117390803,|('increasing', True,0.020018317, 2.326004387755207)|
USGS-351830117562801,|('no trend', False,0.901538627, 0.12371791482634838)|
USGS-352533117471901,|('no trend', False,1, 0.0)|
USGS-353537117405301,|('no trend', False,0.296269871, 1.044465935734187)|
USGS-353928117381301,|('no trend', False,1, 0.0)|
USGS-354218117482501,|('no trend', False,0.54871056, 0.5996934418251763)|
USGS-354033117400601,|('no trend', False,0.29975837, 1.0369516947304254)|
USGS-351653118593301,|('no trend', False,1, 0.0)|
USGS-353210119261501,|('no trend', False,1, 0.0)|
USGS-353630117390901,|('increasing', True,0.035498131, 2.102629932151387)|
USGS-353630117394901,|('no trend', False,0.086410733, 1.7146428199482247)|
USGS-354612117432701,|('no trend', False,0.23472995, -1.1882626438006856)|
USGS-350223117442201,|('no trend', False,0.474274351, 0.7155417527999327)|
USGS-350235117515201,|('no trend', False,1, 0)|
USGS-353908117480501,|('no trend', False,1, 0.0)|
USGS-350029117502001,|('no trend', False,0.16280545, 1.3956980235613194)|
USGS-353714117403901,|('no trend', False,0.2104977, 1.2521980673998823)|
USGS-353948117381001,|('increasing', True,0.042254021, 2.03100960115899)|
USGS-345420117452901,|('no trend', False,1, 0.0)|
USGS-352258119034901,|('no trend', False,0.308179547, 1.0190493307301363)|
USGS-352332119300301,|('no trend', False,1, 0.0)|
USGS-353305117525301,|('no trend', False,0.734095182, -0.3396831102433787)|
USGS-353917117431401,|('no trend', False,1, 0.0)|
USGS-354006119401801,|('no trend', False,0.056998306, 1.9033238057235458)|
USGS-354458117511801,|('no trend', False,1, 0.0)|
USGS-354610117455501,|('no trend', False,1, 0.0)|
11N20W24A001S,|('no trend', False,0.296269871, 1.044465935734187)|
11N21W07G001S,|('no trend', False,1, 0.0)|
26S24E34R001M,|('no trend', False,0.643428844, 0.4629100498862757)|
26S25E27N001M,|('no trend', False,0.089429359, 1.6984155512168937)|
28S22E25K001M,|('no trend', False,1, 0.0)|
27S25E01Q001M,|('no trend', False,0.089429359, 1.6984155512168937)|
28S25E13A001M,|('no trend', False,1, 0.0)|
30S25E09A001M,|('no trend', False,0.643428844, 0.4629100498862757)|
27S23E05Q081M,|('no trend', False,1, 0)|
28S24E06F001M,|('no trend', False,1, 0)|
32S26E03L001M,|('no trend', False,1, 0.0)|
27S24E01L004M,|('no trend', False,1, 0)|
29S28E21E001M,|('increasing', True,0.001229385, 3.2319734178846593)|
30S27E12L002M,|('no trend', False,0.450670285, -0.7542980294561158)|
30S30E31M001M,|('no trend', False,0.296269871, -1.044465935734187)|
31S30E20G001M,|('no trend', False,1, 0.0)|
32S28E29R002M,|('no trend', False,1, 0.0)|
31S29E01A002M,|('no trend', False,1, 0.0)|
31S30E20L002M,|('no trend', False,1, 0.0)|
32S29E04R001M,|('no trend', False,0.265510389, 1.1134612334371354)|
32S28E16P001M,|('no trend', False,0.296269871, 1.044465935734187)|
12N20W33P001S,|('no trend', False,1, 0)|
30S26E02B001M,|('no trend', False,1, 0)|
10N18W29C001SS,|('no trend', False,0.296269871, 1.044465935734187)|
27S26E22Q002M,|('no trend', False,1, 0)|
32S29E21H080M,|('no trend', False,1, 0)|
26S25E27J001M,|('no trend', False,0.643428844, 0.4629100498862757)|
26S25E31R001M,|('no trend', False,1, 0.0)|
27S20E34G001M,|('no trend', False,0.296269871, -1.044465935734187)|
27S23E01R001M,|('no trend', False,1, 0.0)|
28S26E36M001M,|('no trend', False,0.296269871, 1.044465935734187)|
29S27E35G001M,|('no trend', False,0.312976704, -1.0089956834182328)|
28S26E21G001M,|('no trend', False,1, 0)|
10N13W24C002S,|('no trend', False,0.734095182, -0.3396831102433787)|
11N20W25K001S,|('no trend', False,1, 0.0)|
31S25E05A005M,|('no trend', False,1, 0)|
32S27E23N001M,|('no trend', False,1, 0.0)|
11N19W07R001S,|('increasing', True,0.001229385, 3.2319734178846593)|
28S22E10P003M,|('no trend', False,1, 0)|
30S37E23J001M,|('no trend', False,0.734095182, -0.3396831102433787)|
31S37E01H001M,|('no trend', False,1, 0.0)|
30S26E22P001M,|('no trend', False,1, 0)|
31S25E27F004M,|('no trend', False,1, 0)|
11N19W15Q002S,|('no trend', False,1, 0.0)|
32S29E04R080M,|('no trend', False,1, 0)|
31S24E13J002M,|('no trend', False,1, 0)|
29S27E09H001M,|('no trend', False,0.132854956, 1.502938298604359)|
29S27E33P002M,|('increasing', True,0.024170547, 2.2544074479065386)|
29S27E10N002M,|('no trend', False,0.086410733, 1.7146428199482247)|
30S27E23D002M,|('decreasing', True,0.002499029, -3.0234590038275844)|
30S27E24C001M,|('no trend', False,0.707114231, -0.3757345746510897)|
31S29E10A001M,|('no trend', False,0.296269871, -1.044465935734187)|
11N19W19A001S,|('no trend', False,1, 0.0)|
32S29E21G080M,|('no trend', False,1, 0)|
11N08W02N001S,|('no trend', False,0.308179547, 1.0190493307301363)|
25S19E23B001M,|('no trend', False,1, 0.0)|
27S25E27C001M,|('no trend', False,1, 0.0)|
27S24E34F001M,|('no trend', False,1, 0.0)|
27S26E19G001M,|('no trend', False,0.643428844, -0.4629100498862757)|
30S25E21P003M,|('no trend', False,0.734095182, -0.3396831102433787)|
28S26E36N001M,|('no trend', False,0.296269871, 1.044465935734187)|
11N08W35D001S,|('no trend', False,1, 0.0)|
11N18W14M001S,|('no trend', False,1, 0.0)|
11N09W19A001S,|('no trend', False,1, 0.0)|
29S28E20A001M,|('increasing', True,0.000506101, 3.4775065936934095)|
32S27E35R001M,|('no trend', False,1, 0.0)|
10N18W21E001SS,|('no trend', False,1, 0)|
29S27E34N003M,|('no trend', False,1, 0.0)|
27S24E01L002M,|('no trend', False,1, 0)|
30S28E28D002M,|('no trend', False,1, 0)|
32S34E30M001M,|('no trend', False,0.734095182, -0.3396831102433787)|
29S28E16E001M,|('no trend', False,0.835705027, -0.20739033894608505)|
32S28E33R001M,|('increasing', True,0.035447893, 2.1032045520479223)|
31S30E20H002M,|('no trend', False,1, 0)|
29S28E16Q001M,|('increasing', True,0.012731364, 2.4911966213168735)|
30S27E02H001M,|('no trend', False,0.303673215, -1.0285882219856124)|
31S30E20L001M,|('no trend', False,0.296269871, -1.044465935734187)|
25S33E15F001M,|('no trend', False,1, 0)|
25S33E15F003M,|('no trend', False,1, 0.0)|
11N21W08E001S,|('no trend', False,0.734095182, 0.3396831102433787)|
31S30E20T080M,|('no trend', False,1, 0)|
31S30E29B080M,|('no trend', False,1, 0)|
26S25E28N001M,|('no trend', False,0.296269871, 1.044465935734187)|
27S25E01N002M,|('no trend', False,1, 0)|
28S26E05E001M,|('no trend', False,0.296269871, -1.044465935734187)|
27S26E06D001M,|('no trend', False,1, 0.0)|
30S27E09K001M,|('no trend', False,1, 0.0)|
27S26E06P001M,|('no trend', False,1, 0.0)|
27S25E10L001M,|('no trend', False,0.296269871, 1.044465935734187)|
29S27E34R001M,|('no trend', False,0.643428844, -0.4629100498862757)|
11N20W14H001S,|('no trend', False,0.296269871, 1.044465935734187)|
11N09W31C002S,|('no trend', False,1, 0)|
11N12W32E001S,|('no trend', False,0.806495941, 0.2449489742783178)|
28S27E07C001M,|('no trend', False,0.734095182, -0.3396831102433787)|
29S28E29P001M,|('no trend', False,0.548005572, 0.6007514091861106)|
30S29E36B001M,|('no trend', False,0.296269871, -1.044465935734187)|
31S24E25E001M,|('no trend', False,1, 0)|
10N16W03Q001SS,|('no trend', False,1, 0.0)|
30S24E04C004M,|('no trend', False,1, 0)|
11N18W18N001S,|('no trend', False,0.283130871, 1.073312629199899)|
11N19W05Q001S,|('no trend', False,1, 0)|
11N19W11Q001S,|('no trend', False,0.151772228, 1.4332996288588638)|
11N20W02L001S,|('no trend', False,1, 0.0)|
27S23E05Q080M,|('no trend', False,1, 0)|
29S27E35A002M,|('no trend', False,0.461310307, 0.7366909581630523)|
30S27E12R001M,|('decreasing', True,0.021047745, -2.307126924481896)|
29S27E24N001M,|('increasing', True,0.022531072, 2.2812937284069355)|
30S27E11D002M,|('no trend', False,0.37488699, -0.8873565094161139)|
29S28E19J002M,|('no trend', False,0.117850895, 1.563858105428061)|
30S28E05F001M,|('no trend', False,0.119470987, 1.556997888323046)|
31S24E25E003M,|('no trend', False,1, 0)|
28S22E10R081M,|('no trend', False,1, 0)|
31S29E11D001M,|('no trend', False,0.308179547, -1.0190493307301363)|
32S29E15N002M,|('no trend', False,1, 0.0)|
11N20W09R080S,|('no trend', False,1, 0)|
25S18E03D001M,|('no trend', False,0.296269871, 1.044465935734187)|
10N09W07A002S,|('no trend', False,0.308179547, 1.0190493307301363)|
26S24E11P001M,|('no trend', False,1, 0.0)|
26S25E23R001M,|('no trend', False,1, 0.0)|
27S25E27A001M,|('no trend', False,1, 0.0)|
28S26E04C001M,|('no trend', False,0.296269871, 1.044465935734187)|
28S22E10D002M,|('no trend', False,1, 0)|
30S29E05J001M,|('no trend', False,1, 0.0)|
32S27E16R002M,|('no trend', False,0.806495941, -0.2449489742783178)|
30S29E36J001M,|('no trend', False,1, 0.0)|
30S27E04R001M,|('no trend', False,1, 0.0)|
29S27E17N001M,|('no trend', False,1, 0.0)|
28S22E10P004M,|('no trend', False,1, 0)|
27S23E01R004M,|('no trend', False,1, 0)|
11N22W04F001S,|('no trend', False,1, 0.0)|
31S30E29M001M,|('no trend', False,0.308179547, -1.0190493307301363)|
12N18W31D001S,|('no trend', False,0.071505416, 1.8022542275583318)|
30S27E13C001M,|('no trend', False,0.107404636, -1.6099689437998486)|
29S27E09G004M,|('no trend', False,1, 0)|
31S30E30H001M,|('no trend', False,1, 0.0)|
29S27E16D004M,|('no trend', False,0.707114231, -0.3757345746510897)|
29S27E26J001M,|('no trend', False,0.37109337, 0.8944271909999159)|
29S28E31Q003M,|('no trend', False,0.452370361, -0.7514691493021795)|
31S24E13J004M,|('no trend', False,1, 0)|
09N20W36F001S,|('no trend', False,1, 0.0)|
26S40E32K001M,|('no trend', False,0.734095182, -0.3396831102433787)|
31S29E10B080M,|('no trend', False,1, 0.0)|
30S28E01J080M,|('no trend', False,1, 0)|
09N10W24G001S,|('no trend', False,1, 0.0)|
31S29E01M080M,|('no trend', False,1, 0)|
09N13W20C001S,|('no trend', False,1, 0)|
11N20W05L001S,|('no trend', False,0.462432726, -0.7348469228349533)|
28S22E10P001M,|('no trend', False,1, 0)|
27S25E10N001M,|('no trend', False,0.296269871, 1.044465935734187)|
27S26E18E001M,|('no trend', False,1, 0)|
27S26E19L001M,|('no trend', False,0.734095182, 0.3396831102433787)|
10N12W20C001S,|('no trend', False,1, 0.0)|
27S19E28H001M,|('no trend', False,1, 0.0)|
28S26E36F001M,|('no trend', False,0.089429359, 1.6984155512168937)|
30S29E03K001M,|('no trend', False,0.484842382, 0.6985354731356995)|
11N09W34B001S,|('no trend', False,1, 0)|
32S27E36F001M,|('no trend', False,0.296269871, 1.044465935734187)|
30S28E28D003M,|('no trend', False,1, 0)|
30S24E04C005M,|('no trend', False,1, 0)|
11N14W14B001S,|('no trend', False,0.220671362, 1.224744871391589)|
29S28E30Q002M,|('no trend', False,0.06170669, 1.868397465987655)|
32S26E27A002M,|('no trend', False,0.296269871, 1.044465935734187)|
32S29E15P001M,|('no trend', False,1, 0.0)|
31S29E12M001M,|('no trend', False,0.296269871, -1.044465935734187)|
26S40E30K003M,|('no trend', False,1, 0)|
12N19W35R080S,|('no trend', False,1, 0)|
28S22E26J002M,|('no trend', False,1, 0)|
32S29E15N080M,|('no trend', False,1, 0)|
11N21W11N001S,|('no trend', False,0.296269871, -1.044465935734187)|
26S24E33P001M,|('no trend', False,0.643428844, 0.4629100498862757)|
26S25E07R001M,|('no trend', False,1, 0.0)|
26S25E31P001M,|('no trend', False,1, 0.0)|
27S24E36L001M,|('no trend', False,0.296269871, 1.044465935734187)|
27S25E05R001M,|('no trend', False,1, 0.0)|
30S25E21L003M,|('no trend', False,1, 0.0)|
29S28E20L001M,|('increasing', True,9.92E-05, 3.8924947208076146)|
30S27E01B002M,|('no trend', False,0.591505037, -0.5366563145999494)|
31S24E28B001M,|('no trend', False,0.308179547, 1.0190493307301363)|
11N19W21F001S,|('no trend', False,1, 0.0)|
25S25E31A001M,|('no trend', False,0.296269871, 1.044465935734187)|
11N20W13G001S,|('no trend', False,0.089429359, 1.6984155512168937)|
28S25E17L001M,|('no trend', False,0.296269871, 1.044465935734187)|
30S28E07B001M,|('no trend', False,1, 0.0)|
31S29E10B001M,|('no trend', False,1, 0)|
32S28E13N001M,|('no trend', False,0.086410733, 1.7146428199482247)|
09N18W23B001S,|('no trend', False,0.579639271, 0.5539117094069973)|
09N13W23B002S,|('no trend', False,0.308179547, 1.0190493307301363)|
30S24E04C001M,|('no trend', False,1, 0)|
27S22E21P002M,|('no trend', False,0.643428844, -0.4629100498862757)|
32S28E30D003M,|('no trend', False,1, 0)|
31S25E27F002M,|('no trend', False,1, 0)|
11N21W03N002S,|('no trend', False,1, 0.0)|
25S27E23G001M,|('no trend', False,1, 0.0)|
29S27E34L001M,|('no trend', False,0.806495941, 0.2449489742783178)|
32S29E21G001M,|('no trend', False,1, 0)|
32S29E21H001M,|('no trend', False,0.089429359, -1.6984155512168937)|
30S28E18N001M,|('no trend', False,0.806495941, 0.2449489742783178)|
30S28E06C002M,|('no trend', False,0.29975837, -1.0369516947304254)|
32S27E30N001M,|('no trend', False,1, 0.0)|
31S29E02M001M,|('no trend', False,1, 0.0)|
27S40E32C001M,|('no trend', False,0.548005572, 0.6007514091861106)|
30S27E23L003M,|('no trend', False,1, 0.0)|
30S29E07B080M,|('no trend', False,1, 0)|
09N18W09N001SS,|('no trend', False,0.296269871, 1.044465935734187)|
11N21W04M001S,|('no trend', False,0.296269871, 1.044465935734187)|
11N07W32N001S,|('no trend', False,0.462432726, 0.7348469228349533)|
26S24E02G001M,|('no trend', False,0.734095182, -0.3396831102433787)|
26S24E23H001M,|('no trend', False,0.452370361, 0.7514691493021795)|
27S25E22A001M,|('no trend', False,0.296269871, -1.044465935734187)|
30S27E19L001M,|('no trend', False,1, 0.0)|
31S29E01C001M,|('no trend', False,1, 0.0)|
11N20W13Q001S,|('no trend', False,1, 0.0)|
12N21W33N001S,|('no trend', False,0.296269871, 1.044465935734187)|
11N20W05J002S,|('no trend', False,0.296269871, -1.044465935734187)|
10N19W08A001S,|('no trend', False,0.462432726, 0.7348469228349533)|
25S26E16P002M,|('no trend', False,1, 0)|
31S25E27F003M,|('no trend', False,1, 0)|
29S28E29Q001M,|('no trend', False,0.296269871, 1.044465935734187)|
30S27E14H002M,|('decreasing', True,0.031823127, -2.146625258399798)|
30S27E10P080M,|('no trend', False,1, 0)|
29S28E20H001M,|('increasing', True,0.020044669, 2.3255106965997814)|
29S28E31B005M,|('no trend', False,1, 0)|
29S29E31N002M,|('no trend', False,0.308179547, -1.0190493307301363)|
32S29E21B002M,|('no trend', False,1, 0.0)|
32S29E28C002M,|('no trend', False,0.132854956, 1.502938298604359)|
31S24E13J005M,|('no trend', False,1, 0)|
31S24E36D008M,|('no trend', False,1, 0)|
28S22E10R080M,|('no trend', False,1, 0)|
29S28E36L082M,|('no trend', False,1, 0)|
31S30E20G080M,|('no trend', False,1, 0)|
SL205314279,|('no trend', False,0.67597136, 0.41796684242399834)|
T10000005197,|('no trend', False,0.353102706, -0.9285878790409642)|
T0602975073,|('no trend', False,0.065721993, 1.8403150767956917)|
SL0602935481,|('no trend', False,0.734095182, 0.3396831102433787)|
T10000005199,|('increasing', True,0.000381718, 3.552410943931621)|
USGS-354030119215701,|('no trend', False,1, 0.0)|
USGS-354151119205201,|('no trend', False,1, 0.0)|
USGS-354117117475501,|('no trend', False,1, 0.0)|
USGS-344923117550302,|('no trend', False,0.734095182, 0.3396831102433787)|
USGS-354027117431501,|('no trend', False,1, 0.0)|
USGS-354405117395301,|('no trend', False,1, 0.0)|
USGS-351811117545201,|('no trend', False,0.308179547, 1.0190493307301363)|
USGS-354641119404201,|('no trend', False,0.643428844, 0.4629100498862757)|
USGS-354239119214002,|('no trend', False,1, 0.0)|
USGS-353800117420801,|('no trend', False,1, 0.0)|
USGS-354053117412601,|('no trend', False,1, 0.0)|
USGS-352031118524901,|('no trend', False,0.296269871, 1.044465935734187)|
USGS-350435118583101,|('no trend', False,1, 0.0)|
USGS-354125117393701,|('no trend', False,0.720514787, -0.35777087639996635)|
USGS-353223119043401,|('no trend', False,1, 0.0)|
USGS-354407119160001,|('no trend', False,1, 0.0)|
USGS-353616117392403,|('no trend', False,1, 0.0)|
USGS-354146119152901,|('no trend', False,1, 0.0)|
USGS-354445119532201,|('no trend', False,1, 0.0)|
USGS-350555117472401,|('no trend', False,0.273561412, -1.0948978029027179)|
USGS-354351119505701,|('no trend', False,1, 0.0)|
USGS-353851117491401,|('no trend', False,0.956406916, -0.05466303878092527)|
USGS-345611119275201,|('no trend', False,1, 0.0)|
USGS-353837117485501,|('no trend', False,0.707114231, 0.3757345746510897)|
USGS-354219119102801,|('no trend', False,1, 0.0)|
USGS-354411119200701,|('no trend', False,1, 0.0)|
USGS-353918120012001,|('no trend', False,1, 0.0)|
USGS-350630117561501,|('no trend', False,1, 0.0)|
USGS-354032117452401,|('no trend', False,1, 0.0)|
USGS-354349119505701,|('no trend', False,1, 0.0)|
USGS-353852120002601,|('no trend', False,1, 0)|
USGS-354633119450401,|('no trend', False,1, 0)|
USGS-354017117490201,|('no trend', False,1, 0.0)|
USGS-352341118590401,|('no trend', False,1, 0.0)|
USGS-353628117390804,|('no trend', False,1, 0.0)|
USGS-350605119014601,|('no trend', False,1, 0.0)|
USGS-352115118590701,|('no trend', False,1, 0.0)|
USGS-353905117444901,|('increasing', True,0.002666682, 3.003757045930553)|
USGS-352400119275101,|('no trend', False,1, 0.0)|
USGS-353942117390802,|('no trend', False,0.213373707, -1.2443420336765103)|
USGS-353725117391301,|('no trend', False,0.089429359, 1.6984155512168937)|
29S27E34N002M,|('no trend', False,1, 0)|
31S27E14F001M,|('no trend', False,1, 0.0)|
30S28E08B001M,|('decreasing', True,0.003093449, -2.9582959878137873)|
30S30E06J001M,|('no trend', False,0.602167528, -0.5212860351426869)|
11N19W19A080S,|('no trend', False,1, 0)|
29S28E19J003M,|('no trend', False,0.085624284, -1.718945569047122)|
29S28E21C001M,|('no trend', False,0.533416513, 0.6227991553292184)|
30S28E06G002M,|('no trend', False,0.181449208, -1.3363062095621219)|
28S25E36C001M,|('no trend', False,1, 0.0)|
11N20W08A001S,|('no trend', False,0.296269871, 1.044465935734187)|
26S40E33P004M,|('no trend', False,0.467671404, -0.7262730392025629)|
30S29E07L002M,|('no trend', False,0.348082624, -0.9383148632568366)|
31S29E12L001M,|('no trend', False,1, 0.0)|
11N20W24E001S,|('no trend', False,1, 0.0)|
27S24E04C001M,|('no trend', False,0.643428844, -0.4629100498862757)|
27S26E31R001M,|('no trend', False,1, 0.0)|
31S29E16C001M,|('no trend', False,1, 0)|
32S26E10R001M,|('no trend', False,1, 0.0)|
29S27E20D001M,|('no trend', False,1, 0.0)|
28S26E19J001M,|('no trend', False,1, 0.0)|
30S26E35B001M,|('no trend', False,0.643428844, -0.4629100498862757)|
30S25E09L001M,|('no trend', False,1, 0.0)|
11N21W11P001S,|('no trend', False,1, 0)|
30S28E10N004M,|('no trend', False,1, 0)|
12N18W30N001S,|('no trend', False,0.308179547, 1.0190493307301363)|
12N20W31J001S,|('no trend', False,1, 0.0)|
32S27E24R001M,|('no trend', False,0.296269871, 1.044465935734187)|
26S25E09R001M,|('no trend', False,1, 0)|
26S26E30P001M,|('no trend', False,1, 0.0)|
28S25E24A001M,|('no trend', False,0.308179547, 1.0190493307301363)|
28S25E02K001M,|('no trend', False,0.462432726, 0.7348469228349533)|
27S25E10J001M,|('no trend', False,1, 0.0)|
30S29E17M001M,|('no trend', False,0.296269871, 1.044465935734187)|
27S25E22L001M,|('no trend', False,1, 0.0)|
27S23E01R003M,|('no trend', False,1, 0)|
30S26E22P003M,|('no trend', False,1, 0)|
30S27E13H002M,|('no trend', False,0.07363827, -1.7888543819998317)|
29S28E31B003M,|('no trend', False,1, 0)|
30S27E02R001M,|('no trend', False,0.086768173, -1.7126976771553506)|
29S28E21M001M,|('increasing', True,0.001282184, 3.219937887599697)|
30S27E04F003M,|('increasing', True,0.024170547, 2.2544074479065386)|
30S27E12C001M,|('no trend', False,0.755496875, -0.3113995776646092)|
32S28E22F002M,|('no trend', False,0.806495941, 0.2449489742783178)|
30S28E17A001M,|('no trend', False,0.251452187, 1.1468292773139113)|
30S29E06B003M,|('no trend', False,1, 0.0)|
30S24E14H001M,|('no trend', False,1, 0.0)|
29S26E09R001M,|('no trend', False,1, 0.0)|
32S27E08R001M,|('no trend', False,0.296269871, -1.044465935734187)|
31S25E05A010M,|('no trend', False,1, 0)|
27S40E06L001M,|('no trend', False,0.734095182, -0.3396831102433787)|
26S24E10P001M,|('no trend', False,0.308179547, 1.0190493307301363)|
26S25E27B001M,|('no trend', False,1, 0.0)|
27S24E35C001M,|('no trend', False,0.634194817, 0.47583095143088644)|
27S25E34A002M,|('no trend', False,0.806495941, 0.2449489742783178)|
27S25E04D001M,|('no trend', False,1, 0.0)|
30S26E27A001M,|('no trend', False,0.296269871, 1.044465935734187)|
26S25E36L001M,|('no trend', False,0.296269871, 1.044465935734187)|
25S27E11Q001M,|('no trend', False,0.643428844, 0.4629100498862757)|
27S25E10B001M,|('no trend', False,0.308179547, 1.0190493307301363)|
11N18W06M001S,|('no trend', False,1, 0)|
11N19W22Q001S,|('no trend', False,1, 0.0)|
12N19W33R001S,|('no trend', False,0.198256397, -1.2865350418053538)|
27S26E22H001M,|('no trend', False,0.692180773, 0.39589732744431483)|
27S23E05Q001M,|('no trend', False,1, 0)|
30S27E13H001M,|('no trend', False,0.533416513, -0.6227991553292184)|
30S26E02B080M,|('no trend', False,1, 0)|
29S28E30A001M,|('no trend', False,0.07363827, 1.7888543819998317)|
31S30E17K001M,|('no trend', False,0.296269871, -1.044465935734187)|
30S29E36L001M,|('no trend', False,1, 0.0)|
31S29E03A002M,|('no trend', False,0.734095182, 0.3396831102433787)|
29S28E19N002M,|('no trend', False,0.117850895, -1.563858105428061)|
28S26E29J001M,|('no trend', False,0.308179547, -1.0190493307301363)|
W0601502600,|('no trend', False,0.756997211, 0.309426373877638)|
W0601502280,|('no trend', False,1, 0.0)|
W0601503536,|('no trend', False,1, 0.0)|
W0601500293,|('no trend', False,0.296269871, 1.044465935734187)|
W0601502311,|('no trend', False,1, 0)|
W0601502141,|('no trend', False,1, 0)|
W0601500524,|('no trend', False,1, 0.0)|
W0601502593,|('no trend', False,1, 0)|
W0601510801,|('no trend', False,0.901418456, 0.12386968496907205)|
W0601500376,|('no trend', False,0.707114231, -0.3757345746510897)|
W0601502561,|('no trend', False,0.089429359, 1.6984155512168937)|
25S25E11J001M,|('no trend', False,0.296269871, -1.044465935734187)|
30S27E04R002M,|('no trend', False,0.259656356, 1.1272037239532693)|
31S30E20H003M,|('no trend', False,1, 0.0)|
26S25E08F001M,|('no trend', False,0.462432726, 0.7348469228349533)|
26S22E27Q001M,|('no trend', False,0.734095182, -0.3396831102433787)|
27S25E27J001M,|('no trend', False,0.296269871, 1.044465935734187)|
27S25E03J004M,|('no trend', False,0.259656356, 1.1272037239532693)|
30S27E03B001M,|('no trend', False,1, 0.0)|
30S27E04N001M,|('no trend', False,1, 0.0)|
30S29E27J001M,|('no trend', False,1, 0.0)|
W0601502619,|('no trend', False,0.053509311, 1.9307877088045147)|
W0601503669,|('no trend', False,1, 0.0)|
29S28E29L001M,|('no trend', False,0.929012705, 0.0890870806374748)|
30S27E15P001M,|('no trend', False,0.707114231, 0.3757345746510897)|
31S29E01A001M,|('no trend', False,1, 0)|
11N21W05M001S,|('no trend', False,0.220671362, -1.224744871391589)|
11N20W09P001S,|('no trend', False,0.296269871, -1.044465935734187)|
26S24E26R001M,|('no trend', False,0.308179547, 1.0190493307301363)|
26S24E34H001M,|('no trend', False,0.296269871, 1.044465935734187)|
26S25E19J001M,|('no trend', False,0.296269871, -1.044465935734187)|
29S28E21G001M,|('increasing', True,0.020261508, 2.3214696976024105)|
30S29E32B001M,|('increasing', True,0.035447893, 2.1032045520479223)|
26S25E28Q001M,|('no trend', False,1, 0.0)|
26S25E19P001M,|('no trend', False,0.806495941, 0.2449489742783178)|
31S30E20T082M,|('no trend', False,1, 0)|
27S24E05R001M,|('no trend', False,1, 0.0)|
27S24E26F001M,|('no trend', False,1, 0.0)|
28S24E02P001M,|('no trend', False,0.579639271, 0.5539117094069973)|
27S26E32G001M,|('no trend', False,1, 0.0)|
32S27E24N001M,|('no trend', False,0.462432726, -0.7348469228349533)|
27S26E27R002M,|('no trend', False,1, 0.0)|
11N20W10H001S,|('no trend', False,1, 0.0)|
30S28E05E001M,|('no trend', False,0.586919569, 0.543305367994433)|
30S26E22P002M,|('no trend', False,1, 0)|
30S28E06M001M,|('no trend', False,1, 0.0)|
32S26E14H001M,|('no trend', False,1, 0.0)|
29S28E20G002M,|('no trend', False,0.063486531, 1.8557687223952255)|
31S30E29D001M,|('no trend', False,1, 0.0)|
31S30E29F002M,|('no trend', False,1, 0.0)|
29S27E35E001M,|('no trend', False,0.175308081, -1.355343691370986)|
29S28E30K002M,|('no trend', False,0.229556214, 1.2015028183722212)|
32S27E32L001M,|('no trend', False,1, 0.0)|
31S30E20C002M,|('no trend', False,1, 0.0)|
11N20W16H080S,|('no trend', False,1, 0)|
12N19W33E001S,|('no trend', False,1, 0.0)|
W0601500090,|('no trend', False,1, 0.0)|
W0601502622,|('no trend', False,0.80856952, 0.24227185592617445)|
29S27E25G002M,|('no trend', False,0.100613746, 1.641885450180146)|
30S27E01K001M,|('no trend', False,0.37109337, -0.8944271909999159)|
W0601500152,|('increasing', True,0.035447893, 2.1032045520479223)|
W0601500561,|('no trend', False,0.151751061, -1.4333737337436874)|
W0601510042,|('increasing', True,8.58E-06, 4.450292479012066)|
W0601503250,|('no trend', False,1, 0)|
W0601500483,|('no trend', False,0.426325543, -0.795495128834866)|
W0601503623,|('no trend', False,1, 0)|
W0601500390,|('no trend', False,1, 0.0)|
W0601503526,|('no trend', False,0.308179547, 1.0190493307301363)|
W0601500383,|('no trend', False,1, 0)|
W0601502653,|('no trend', False,0.272728819, 1.0968000259982231)|
W0601503205,|('no trend', False,1, 0)|
W0601503230,|('no trend', False,1, 0)|
W0601502688,|('no trend', False,1, 0.0)|
W0601503219,|('no trend', False,1, 0)|
W0601500461,|('no trend', False,1, 0.0)|
W0601503389,|('no trend', False,1, 0.0)|
W0601503361,|('no trend', False,1, 0)|
W0601500575,|('increasing', True,0.004878564, 2.8149445897705094)|
W0601502549,|('no trend', False,0.060289174, 1.8786728732554487)|
W0601502323,|('no trend', False,1, 0)|
W0601502154,|('no trend', False,0.296269871, 1.044465935734187)|
W0601500557,|('no trend', False,0.097091068, -1.6591227115686804)|
W0601503652,|('no trend', False,1, 0.0)|
W0601500535,|('no trend', False,0.406786833, -0.8295613557843402)|
W0601503360,|('no trend', False,1, 0.0)|
W0601502004,|('no trend', False,0.643428844, -0.4629100498862757)|
W0601500404,|('decreasing', True,0.035498131, -2.102629932151387)|
W0601502690,|('no trend', False,0.652726994, 0.44997704257325755)|
W0601502826,|('no trend', False,0.296269871, -1.044465935734187)|
W0601504005,|('no trend', False,1, 0)|
W0601510011,|('increasing', True,0.000348049, 3.5766324431391987)|
W0601502659,|('no trend', False,0.62333641, -0.49112730544203487)|
W0601504007,|('no trend', False,1, 0)|
W0601502750,|('no trend', False,0.102312732, 1.6337434459115125)|
W0601500485,|('no trend', False,0.54611324, 0.6035945457934283)|
W0601500333,|('no trend', False,0.31587448, -1.0029717747535973)|
W0601500459,|('increasing', True,0.009149148, 2.606430175713435)|
W0601503374,|('no trend', False,0.096565894, -1.661735128220992)|
W0601502482,|('no trend', False,0.086410733, -1.7146428199482247)|
W0601500555,|('no trend', False,0.461310307, -0.7366909581630523)|
W0601502695,|('no trend', False,1, 0.0)|
W0601500378,|('no trend', False,0.107404636, 1.6099689437998486)|
W0601500406,|('no trend', False,0.081909443, 1.7397129031025995)|
W0601500584,|('no trend', False,0.710523023, -0.3711537444790451)|
W0601502232,|('increasing', True,0.003211184, 2.946763832652209)|
W0601502187,|('no trend', False,0.132854956, 1.502938298604359)|
W0601502001,|('no trend', False,1, 0)|
W0601503264,|('no trend', False,0.296269871, 1.044465935734187)|
W0601500396,|('no trend', False,1, 0)|
W0601502073,|('no trend', False,1, 0)|
W0601500574,|('no trend', False,0.29975837, 1.0369516947304254)|
W0601503666,|('no trend', False,1, 0)|
USGS-345158117533201,|('no trend', False,0.117861984, -1.5638108989944126)|
USGS-350424117415401,|('no trend', False,1, 0)|
USGS-354512117455001,|('no trend', False,1, 0.0)|
USGS-354216117415701,|('no trend', False,1, 0.0)|
USGS-354331117470501,|('no trend', False,1, 0.0)|
USGS-354359117443201,|('no trend', False,0.160555891, -1.403204414999095)|
USGS-351534117570001,|('decreasing', True,0.013464759, -2.4712342369967644)|
USGS-351549118022001,|('no trend', False,0.138966894, 1.4796491821129965)|
USGS-353902117465501,|('no trend', False,1, 0.0)|
USGS-350002117510301,|('no trend', False,0.284680543, -1.069863971039302)|
USGS-350048117465901,|('no trend', False,1, 0.0)|
USGS-345252117525201,|('no trend', False,0.259656356, 1.1272037239532693)|
USGS-350308118200301,|('no trend', False,0.526369374, 0.6335579145334397)|
USGS-351822117580801,|('no trend', False,1, 0.0)|
USGS-354632117505901,|('no trend', False,1, 0.0)|
USGS-354638119465603,|('no trend', False,1, 0)|
USGS-350112117411001,|('no trend', False,0.734095182, -0.3396831102433787)|
USGS-350237117465601,|('no trend', False,0.265510389, 1.1134612334371354)|
USGS-345004118135801,|('no trend', False,1, 0.0)|
USGS-351817117575901,|('no trend', False,0.65780929, 0.44293978391414907)|
USGS-350539119014201,|('no trend', False,1, 0.0)|
USGS-353607119261701,|('no trend', False,0.908676678, 0.11470786693528087)|
USGS-353948117385602,|('no trend', False,0.308179547, 1.0190493307301363)|
USGS-350011117455501,|('no trend', False,1, 0.0)|
USGS-350424117420101,|('no trend', False,0.229556214, 1.2015028183722212)|
USGS-352418119042901,|('no trend', False,0.296269871, 1.044465935734187)|
USGS-353928120000201,|('no trend', False,1, 0)|
USGS-344948117533601,|('no trend', False,1, 0.0)|
USGS-350117117391401,|('increasing', True,0.018741137, 2.350640381700619)|
USGS-351659117570301,|('no trend', False,1, 0.0)|
USGS-352204117493001,|('no trend', False,0.259656356, 1.1272037239532693)|
USGS-353618117390901,|('no trend', False,0.218168031, 1.2314140876351096)|
USGS-351714117563001,|('no trend', False,0.229556214, -1.2015028183722212)|
USGS-353931120023401,|('no trend', False,1, 0.0)|
USGS-353859117425702,|('no trend', False,1, 0.0)|
USGS-354057117441401,|('no trend', False,1, 0.0)|
USGS-354606117483201,|('no trend', False,1, 0.0)|
USGS-345033118095901,|('no trend', False,0.246810153, 1.1581320482871722)|
USGS-351453119162601,|('no trend', False,0.734095182, 0.3396831102433787)|
OIW-05,|('no trend', False,1, 0)|
USGS-353329119144701,|('no trend', False,0.296269871, 1.044465935734187)|
USGS-351201119011401,|('no trend', False,1, 0.0)|
USGS-351256117445401,|('no trend', False,1, 0.0)|
USGS-351715117545102,|('no trend', False,1, 0.0)|
USGS-351722117560801,|('no trend', False,0.296269871, 1.044465935734187)|
USGS-354147117414103,|('no trend', False,1, 0.0)|
USGS-345016117532301,|('no trend', False,1, 0.0)|
USGS-350817118055601,|('no trend', False,0.132854956, 1.502938298604359)|
USGS-351157118004701,|('no trend', False,1, 0.0)|
USGS-350540119114401,|('no trend', False,1, 0.0)|
USGS-351852117552401,|('no trend', False,1, 0.0)|
USGS-352426117471201,|('no trend', False,0.253170512, -1.142682323117963)|
USGS-350140117431501,|('no trend', False,1, 0.0)|
USGS-350139117460501,|('no trend', False,1, 0.0)|
USGS-350106117500101,|('no trend', False,0.956406916, 0.05466303878092527)|
USGS-344958118234201,|('increasing', True,0.031823127, 2.146625258399798)|
USGS-352102118554301,|('no trend', False,1, 0)|
USGS-354052117411501,|('no trend', False,1, 0.0)|
USGS-345701118153801,|('increasing', True,0.004674586, 2.828642697866792)|
USGS-345001118264501,|('no trend', False,0.452787478, -0.7507759960689286)|
USGS-351802117550001,|('no trend', False,0.155674531, -1.4197704150657822)|
USGS-352209117472201,|('no trend', False,0.06170669, -1.868397465987655)|
USGS-352354117405701,|('no trend', False,1, 0.0)|
USGS-354510117470001,|('no trend', False,1, 0.0)|
USGS-354654119422201,|('no trend', False,1, 0.0)|
USGS-351507118584501,|('no trend', False,1, 0.0)|
USGS-353119119062501,|('no trend', False,0.462432726, -0.7348469228349533)|
USGS-350528119221101,|('no trend', False,1, 0.0)|
USGS-351740117535001,|('no trend', False,1, 0)|
USGS-351924117571801,|('increasing', True,0.000836627, 3.340383700311406)|
USGS-354447117490901,|('no trend', False,1, 0.0)|
USGS-351701118002201,|('no trend', False,0.213373707, 1.2443420336765103)|
USGS-353629117411701,|('no trend', False,0.220671362, -1.224744871391589)|
USGS-353723117404303,|('increasing', True,0.038070115, 2.074099031496045)|
USGS-353930117391801,|('no trend', False,0.060289174, -1.8786728732554487)|
USGS-351701117555201,|('no trend', False,1, 0)|
USGS-351832117565801,|('no trend', False,0.296269871, 1.044465935734187)|
USGS-353720117402502,|('no trend', False,0.086410733, 1.7146428199482247)|
USGS-354002117400601,|('no trend', False,1, 0)|
USGS-354240117383501,|('no trend', False,0.296269871, 1.044465935734187)|
USGS-353908117394001,|('no trend', False,0.060289174, 1.8786728732554487)|
USGS-354450117415301,|('no trend', False,0.763890593, -0.3003757045930553)|
USGS-353910117430201,|('no trend', False,1, 0.0)|
USGS-354055117494401,|('no trend', False,0.763890593, -0.3003757045930553)|
USGS-354515119100801,|('no trend', False,1, 0)|
USGS-344923117550303,|('no trend', False,0.734095182, 0.3396831102433787)|
USGS-345212117561803,|('no trend', False,1, 0.0)|
USGS-350147117465501,|('increasing', True,0.018741137, 2.350640381700619)|
USGS-351515117592001,|('no trend', False,0.754454177, -0.3127716210856122)|
USGS-353751119351701,|('no trend', False,0.296269871, 1.044465935734187)|
USGS-354408117485801,|('no trend', False,0.053699753, 1.929250647343899)|
USGS-351827117580901,|('no trend', False,0.462432726, 0.7348469228349533)|
USGS-353004117565401,|('no trend', False,0.296269871, 1.044465935734187)|
USGS-354054117463001,|('no trend', False,1, 0.0)|
USGS-344927117533401,|('no trend', False,1, 0.0)|
USGS-345733118085201,|('no trend', False,0.986486881, -0.016936993022519234)|
USGS-350005117385401,|('no trend', False,1, 0.0)|
USGS-350429118554701,|('no trend', False,1, 0.0)|
USGS-350009118110501,|('no trend', False,0.643428844, 0.4629100498862757)|
USGS-352507117451601,|('no trend', False,1, 0.0)|
USGS-353844117415401,|('no trend', False,1, 0.0)|
USGS-353829117424701,|('increasing', True,0.00853492, 2.630142022557628)|
USGS-354215117500701,|('no trend', False,1, 0.0)|
USGS-350539119221501,|('no trend', False,1, 0.0)|
USGS-353657117421901,|('no trend', False,0.296269871, 1.044465935734187)|
USGS-354233117445801,|('no trend', False,1, 0.0)|
USGS-350141117502201,|('no trend', False,1, 0.0)|
USGS-351012118003201,|('no trend', False,0.089429359, 1.6984155512168937)|
USGS-351415119052201,|('no trend', False,0.382053966, -0.8741180551382032)|
USGS-351714117562801,|('no trend', False,0.806495941, -0.2449489742783178)|
USGS-353845117431401,|('no trend', False,1, 0.0)|
USGS-351715117545101,|('no trend', False,0.133128484, -1.5018785229652765)|
USGS-351655118510701,|('increasing', True,0.027486336, 2.2045407685048604)|
USGS-352137117544801,|('decreasing', True,0.016753475, -2.3920737646358954)|
USGS-352148118563001,|('no trend', False,1, 0.0)|
USGS-353724117404301,|('no trend', False,0.734095182, 0.3396831102433787)|
USGS-353923117490901,|('decreasing', True,0.000979582, -3.2963263365843885)|
USGS-354408117485802,|('no trend', False,0.338180509, 0.9577665126050852)|
USGS-353720117402501,|('no trend', False,1, 0)|
USGS-353959117431903,|('no trend', False,0.132854956, -1.502938298604359)|
USGS-350828118000901,|('no trend', False,0.081880128, 1.7398797912861377)|
USGS-345241117522301,|('no trend', False,0.537521936, 0.6165646206758945)|
USGS-354037117373201,|('no trend', False,0.259656356, -1.1272037239532693)|
USGS-354118117451501,|('increasing', True,9.33E-10, 6.120477832808756)|
USGS-352052117483001,|('no trend', False,1, 0.0)|
USGS-353504117394401,|('no trend', False,0.089429359, 1.6984155512168937)|
USGS-353701117382601,|('no trend', False,1, 0.0)|
USGS-353724117404302,|('no trend', False,0.707114231, -0.3757345746510897)|
USGS-353925119371801,|('no trend', False,1, 0)|
USGS-350025117463001,|('no trend', False,1, 0.0)|
USGS-351655118594301,|('no trend', False,0.089429359, 1.6984155512168937)|
USGS-354228117463001,|('no trend', False,1, 0.0)|
USGS-354647119061801,|('no trend', False,1, 0.0)|
USGS-351332118450601,|('no trend', False,1, 0.0)|
USGS-353942117481501,|('no trend', False,0.734095182, 0.3396831102433787)|
USGS-354538119474401,|('no trend', False,1, 0.0)|
USGS-345215118092401,|('no trend', False,0.173546222, 1.360897063089832)|
USGS-351752117590501,|('no trend', False,1, 0.0)|
USGS-353608119193101,|('no trend', False,1, 0.0)|
USGS-353633119261401,|('no trend', False,0.296269871, 1.044465935734187)|
USGS-344923117550305,|('no trend', False,1, 0.0)|
USGS-353926117452701,|('no trend', False,1, 0.0)|
USGS-354406119131901,|('no trend', False,1, 0.0)|
USGS-350020118110401,|('no trend', False,1, 0.0)|
USGS-351354117584401,|('no trend', False,1, 0.0)|
USGS-352232117492801,|('no trend', False,0.229556214, -1.2015028183722212)|
10N12W15M003S,|('no trend', False,1, 0.0)|
26S39E30J001M,|('no trend', False,1, 0.0)|
26S25E07H001M,|('no trend', False,1, 0)|
27S25E23A001M,|('increasing', True,0.027486336, 2.2045407685048604)|
27S25E35L001M,|('no trend', False,1, 0.0)|
28S26E07D001M,|('no trend', False,0.296269871, 1.044465935734187)|
27S26E27A001M,|('increasing', True,0.013531585, 2.4694634187431173)|
09N18W36B001SS,|('no trend', False,1, 0)|
29S28E32D001M,|('decreasing', True,0.002470045, -3.026987050254698)|
29S28E31B002M,|('no trend', False,1, 0)|
29S27E23H001M,|('no trend', False,0.31587448, 1.0029717747535973)|
30S27E01J001M,|('no trend', False,0.061368829, -1.8708286933869707)|
29S28E30H002M,|('increasing', True,0.019517481, 2.335496832484569)|
30S28E08H002M,|('no trend', False,0.858027657, -0.17888543819998318)|
32S28E32H002M,|('no trend', False,0.296269871, -1.044465935734187)|
11N18W07P001S,|('no trend', False,1, 0.0)|
11N19W24M001S,|('no trend', False,1, 0.0)|
11N09W24Q001S,|('no trend', False,1, 0.0)|
11N09W34B003S,|('no trend', False,1, 0)|
29S27E10P004M,|('no trend', False,1, 0.0)|
09N13W07Q001S,|('no trend', False,0.734095182, 0.3396831102433787)|
11N08W22E001S,|('no trend', False,0.367520738, 0.9011271137791659)|
11N10W36H001S,|('no trend', False,0.296269871, -1.044465935734187)|
27S26E22Q001M,|('no trend', False,0.869739712, 0.16398911634277583)|
12N09W36N001S,|('no trend', False,0.089429359, 1.6984155512168937)|
09N17W19M001SS,|('no trend', False,1, 0.0)|
29S28E31F001M,|('no trend', False,1, 0)|
31S37E05M002M,|('no trend', False,0.308179547, 1.0190493307301363)|
32S33E26P001M,|('no trend', False,0.452370361, -0.7514691493021795)|
30S29E07B081M,|('no trend', False,1, 0.0)|
32S29E15P080M,|('no trend', False,1, 0)|
09N09W06A001S,|('no trend', False,0.308179547, 1.0190493307301363)|
09N09W06L001S,|('no trend', False,1, 0.0)|
09N14W32D001S,|('no trend', False,1, 0.0)|
29S25E13R001M,|('no trend', False,0.296269871, 1.044465935734187)|
30S25E21L005M,|('no trend', False,0.643428844, -0.4629100498862757)|
29S39E29N001M,|('no trend', False,0.086410733, -1.7146428199482247)|
26S25E15P001M,|('no trend', False,0.734095182, -0.3396831102433787)|
28S25E02A001M,|('no trend', False,1, 0.0)|
30S27E05A001M,|('no trend', False,0.806495941, 0.2449489742783178)|
30S28E10N002M,|('no trend', False,1, 0)|
32S34E34B001M,|('no trend', False,1, 0.0)|
11N09W34B002S,|('no trend', False,1, 0)|
11N19W15Q001S,|('no trend', False,1, 0)|
26S23E17R001M,|('no trend', False,0.296269871, -1.044465935734187)|
27S26E27R001M,|('increasing', True,0.026037229, 2.225656046319078)|
28S22E26J001M,|('no trend', False,1, 0.0)|
29S27E36H001M,|('no trend', False,0.533416513, -0.6227991553292184)|
11N20W13R001S,|('no trend', False,1, 0.0)|
31S24E36D003M,|('no trend', False,1, 0)|
11N19W19D001S,|('no trend', False,1, 0.0)|
26S25E29N080M,|('no trend', False,0.358326467, 0.9185586535436918)|
28S25E12F001M,|('no trend', False,1, 0.0)|
27S26E07F001M,|('no trend', False,0.734095182, 0.3396831102433787)|
28S26E33L001M,|('no trend', False,1, 0.0)|
29S27E34A001M,|('no trend', False,0.806495941, -0.2449489742783178)|
28S26E21E001M,|('no trend', False,0.308179547, 1.0190493307301363)|
31S26E36A001M,|('no trend', False,1, 0.0)|
30S29E21R001M,|('no trend', False,0.296269871, 1.044465935734187)|
29S28E30G001M,|('no trend', False,0.175308081, 1.355343691370986)|
09N13W07R004S,|('no trend', False,1, 0.0)|
09N17W20R001SS,|('no trend', False,1, 0.0)|
29S28E16M001M,|('increasing', True,4.05E-05, 4.1047136254503656)|
29S27E10M001M,|('no trend', False,0.259656356, 1.1272037239532693)|
29S28E31B004M,|('no trend', False,0.2104977, 1.2521980673998823)|
29S27E25D002M,|('no trend', False,0.152406284, 1.4310835055998654)|
30S27E02D001M,|('no trend', False,0.806495941, -0.2449489742783178)|
30S27E23C002M,|('no trend', False,0.835705027, -0.20739033894608505)|
32S28E28P002M,|('no trend', False,1, 0.0)|
11N08W30F001S,|('no trend', False,0.229556214, -1.2015028183722212)|
31S24E36D006M,|('no trend', False,1, 0)|
29S28E30Q004M,|('no trend', False,0.265510389, 1.1134612334371354)|
29S28E17R001M,|('no trend', False,0.060289174, 1.8786728732554487)|
29S28E34J001M,|('increasing', True,0.027486336, 2.2045407685048604)|
31S30E20H001M,|('no trend', False,0.296269871, -1.044465935734187)|
31S30E29E001M,|('no trend', False,1, 0.0)|
31S30E29F003M,|('no trend', False,1, 0.0)|
11N09W31C001S,|('increasing', True,0.001411312, 3.1923274853732266)|
11N20W12J001S,|('no trend', False,0.296269871, 1.044465935734187)|
30S38E03B001M,|('increasing', True,0.024170547, 2.2544074479065386)|
32S26E04G001M,|('no trend', False,0.296269871, 1.044465935734187)|
11N19W13J001S,|('no trend', False,1, 0.0)|
11N21W12N002S,|('no trend', False,0.462432726, -0.7348469228349533)|
29S27E25B002M,|('no trend', False,0.720514787, 0.35777087639996635)|
12N19W35R001S,|('no trend', False,1, 0.0)|
29S27E15B001M,|('no trend', False,0.763890593, 0.3003757045930553)|
30S27E15H001M,|('no trend', False,0.763890593, -0.3003757045930553)|
32S29E11R003M,|('no trend', False,0.462432726, 0.7348469228349533)|
30S30E08R081M,|('no trend', False,1, 0)|
31S25E05A001M,|('no trend', False,1, 0)|
29S27E08J001M,|('no trend', False,1, 0.0)|
28S26E16J001M,|('no trend', False,0.308179547, 1.0190493307301363)|
09N17W29P001SS,|('no trend', False,1, 0)|
11N14W14B002S,|('no trend', False,0.296269871, -1.044465935734187)|
30S28E10N001M,|('no trend', False,1, 0)|
11N21W08A001S,|('no trend', False,0.089429359, 1.6984155512168937)|
11N09W34K001S,|('no trend', False,0.602167528, -0.5212860351426869)|
32S37E26G001M,|('no trend', False,0.634194817, 0.47583095143088644)|
30S28E20F001M,|('no trend', False,0.086410733, 1.7146428199482247)|
27S25E16Q001M,|('no trend', False,0.296269871, 1.044465935734187)|
29S27E10P002M,|('no trend', False,1, 0)|
32S27E23P001M,|('no trend', False,1, 0.0)|
11N20W06Q001S,|('no trend', False,0.643428844, -0.4629100498862757)|
26S25E15H001M,|('no trend', False,1, 0.0)|
26S25E19R001M,|('no trend', False,0.634194817, 0.47583095143088644)|
28S26E14D001M,|('no trend', False,0.308179547, 1.0190493307301363)|
30S27E02P001M,|('no trend', False,0.275757848, -1.0898985218261321)|
29S27E26P001M,|('no trend', False,1, 0.0)|
31S30E20G002M,|('no trend', False,1, 0.0)|
31S30E29F004M,|('no trend', False,1, 0.0)|
32S37E23N002M,|('no trend', False,1, 0.0)|
30S27E23C004M,|('no trend', False,0.117850895, -1.563858105428061)|
30S27E02F001M,|('no trend', False,0.815881646, 0.23284515771189984)|
31S24E36D004M,|('no trend', False,1, 0)|
25S24E15H001M,|('no trend', False,0.229556214, 1.2015028183722212)|
26S24E02H001M,|('no trend', False,0.734095182, 0.3396831102433787)|
26S25E36E001M,|('no trend', False,1, 0.0)|
26S25E26N001M,|('no trend', False,1, 0.0)|
27S26E32E001M,|('no trend', False,0.296269871, 1.044465935734187)|
30S27E05H002M,|('no trend', False,1, 0.0)|
30S28E18E001M,|('increasing', True,0.000264385, 3.647907470819764)|
30S27E08J001M,|('no trend', False,1, 0.0)|
30S28E10N003M,|('no trend', False,1, 0)|
27S23E01R005M,|('no trend', False,1, 0)|
30S28E17B002M,|('no trend', False,0.089429359, 1.6984155512168937)|
09N09W18C001S,|('no trend', False,1, 0.0)|
26S24E04R001M,|('no trend', False,0.643428844, -0.4629100498862757)|
28S22E10R001M,|('no trend', False,1, 0.0)|
27S26E08Q001M,|('no trend', False,0.296269871, 1.044465935734187)|
28S24E09H001M,|('no trend', False,1, 0.0)|
29S39E33H001M,|('no trend', False,0.060289174, -1.8786728732554487)|
30S28E07C001M,|('no trend', False,0.789268026, -0.2672612419124244)|
10N09W07A001S,|('no trend', False,1, 0)|
11N20W16H001S,|('no trend', False,0.296269871, 1.044465935734187)|
10N12W20C004S,|('no trend', False,1, 0)|
11N20W13M001S,|('no trend', False,0.296269871, -1.044465935734187)|
12N20W33R001S,|('no trend', False,1, 0.0)|
30S27E23C003M,|('no trend', False,1, 0.0)|
29S27E10L001M,|('no trend', False,0.140648084, 1.4733819163261046)|
29S28E30F002M,|('increasing', True,0.007766183, 2.6620695282483413)|
29S28E32R002M,|('no trend', False,0.536186772, 0.6185895741317419)|
30S27E15R001M,|('no trend', False,0.462432726, -0.7348469228349533)|
32S27E36R001M,|('no trend', False,0.308179547, -1.0190493307301363)|
30S28E05N001M,|('no trend', False,0.533416513, -0.6227991553292184)|
30S30E08R002M,|('no trend', False,1, 0)|
31S29E01D001M,|('no trend', False,0.296269871, -1.044465935734187)|
30S28E05B001M,|('no trend', False,0.484842382, 0.6985354731356995)|
31S24E36D007M,|('no trend', False,1, 0)|
28S26E30A001M,|('no trend', False,0.734095182, -0.3396831102433787)|
28S27E29D001M,|('no trend', False,0.734095182, 0.3396831102433787)|
28S26E19C001M,|('no trend', False,0.452370361, 0.7514691493021795)|
30S27E03G001M,|('no trend', False,0.734095182, 0.3396831102433787)|
11N07W30G001S,|('no trend', False,0.308179547, 1.0190493307301363)|
11N08W20H002S,|('no trend', False,1, 0.0)|
11N21W04F001S,|('no trend', False,0.734095182, -0.3396831102433787)|
11N12W32E002S,|('no trend', False,0.196197663, -1.2924606552829938)|
32S34E30K001M,|('no trend', False,0.806495941, -0.2449489742783178)|
30S27E10P001M,|('no trend', False,0.707114231, 0.3757345746510897)|
30S27E04F002M,|('no trend', False,1, 0)|
30S27E12N002M,|('no trend', False,0.175308081, -1.355343691370986)|
30S28E07E001M,|('no trend', False,0.163655531, -1.3928818185614462)|
31S30E29B001M,|('no trend', False,1, 0)|
31S30E29E002M,|('no trend', False,1, 0.0)|
30S29E15L003M,|('no trend', False,0.071505416, 1.8022542275583318)|
26S25E31H001M,|('no trend', False,1, 0.0)|
29S28E31G002M,|('no trend', False,0.756997211, 0.309426373877638)|
30S25E10C001M,|('no trend', False,0.296269871, 1.044465935734187)|
29S39E15M001M,|('no trend', False,0.452370361, 0.7514691493021795)|
30S27E04B001M,|('no trend', False,1, 0)|
25S33E15F002M,|('no trend', False,1, 0.0)|
32S37E16N001M,|('no trend', False,0.308179547, -1.0190493307301363)|
09N13W20C002S,|('no trend', False,0.355910188, 0.9231861823449955)|
30S28E28D004M,|('no trend', False,1, 0)|
30S24E04C006M,|('no trend', False,1, 0)|
26S25E21K001M,|('no trend', False,1, 0.0)|
28S22E07Q001M,|('no trend', False,0.089429359, -1.6984155512168937)|
10N13W32D001S,|('no trend', False,0.710523023, 0.3711537444790451)|
10N13W24C001S,|('no trend', False,1, 0)|
29S25E32F001M,|('no trend', False,0.220671362, 1.224744871391589)|
11N08W03Q001S,|('no trend', False,0.806495941, 0.2449489742783178)|
11N19W19M001S,|('no trend', False,0.308179547, 1.0190493307301363)|
29S28E32R001M,|('no trend', False,0.348082624, 0.9383148632568366)|
26S25E23H001M,|('no trend', False,1, 0.0)|
26S25E34J001M,|('no trend', False,0.296269871, 1.044465935734187)|
27S25E22C001M,|('no trend', False,1, 0.0)|
27S26E06N001M,|('no trend', False,0.296269871, 1.044465935734187)|
27S26E32N001M,|('no trend', False,1, 0)|
31S26E32C001M,|('no trend', False,0.734095182, 0.3396831102433787)|
30S27E01G002M,|('no trend', False,0.229556214, -1.2015028183722212)|
29S27E36K001M,|('increasing', True,0.033524165, 2.125748992103599)|
30S28E19M001M,|('no trend', False,0.259656356, 1.1272037239532693)|
31S30E19J002M,|('no trend', False,0.296269871, -1.044465935734187)|
31S29E11A001M,|('no trend', False,0.296269871, -1.044465935734187)|
30S28E20M001M,|('increasing', True,0.011573904, 2.5248762345905194)|
30S30E08R080M,|('no trend', False,1, 0)|
W0601502560,|('no trend', False,1, 0)|
W0601500511,|('no trend', False,0.341268476, 0.9516619028617729)|
W0601500344,|('increasing', True,0.003861491, 2.8892604740584606)|
W0601500586,|('no trend', False,1, 0.0)|
30S27E02A002M,|('no trend', False,0.858027657, -0.17888543819998318)|
29S28E32N001M,|('increasing', True,0.001229385, 3.2319734178846593)|
30S27E11M002M,|('no trend', False,0.462432726, -0.7348469228349533)|
W0601502632,|('no trend', False,1, 0)|
27S26E25J001M,|('no trend', False,0.220671362, -1.224744871391589)|
32S28E30D001M,|('no trend', False,1, 0)|
31S30E29F001M,|('no trend', False,0.089429359, -1.6984155512168937)|
26S25E30H001M,|('no trend', False,0.296269871, 1.044465935734187)|
26S25E15R001M,|('no trend', False,0.296269871, 1.044465935734187)|
26S25E35E001M,|('no trend', False,0.296269871, 1.044465935734187)|
27S25E22J001M,|('no trend', False,0.296269871, 1.044465935734187)|
31S30E20C001M,|('no trend', False,1, 0)|
32S39E33R001M,|('no trend', False,0.259656356, -1.1272037239532693)|
28S25E24C001M,|('no trend', False,0.089429359, -1.6984155512168937)|
28S26E17R001M,|('no trend', False,0.308179547, 1.0190493307301363)|
W0601502739,|('no trend', False,1, 0.0)|
28S26E21L001M,|('no trend', False,1, 0.0)|
30S30E18G001M,|('no trend', False,1, 0.0)|
W0601500560,|('no trend', False,0.335503953, 0.9630868246861536)|
W0601500464,|('no trend', False,1, 0)|
29S28E16R001M,|('no trend', False,0.707114231, 0.3757345746510897)|
30S27E11B001M,|('no trend', False,0.251452187, 1.1468292773139113)|
29S28E19Q001M,|('increasing', True,0.047603955, 1.9808869335422103)|
27S26E31H001M,|('no trend', False,1, 0.0)|
W0601502158,|('no trend', False,1, 0)|
W0601502074,|('no trend', False,1, 0)|
29S28E31K002M,|('decreasing', True,0.016125323, -2.4060666296896316)|
W0601502575,|('no trend', False,1, 0.0)|
W0601510802,|('decreasing', True,0.000476148, -3.4938279849628007)|
11N19W30D001S,|('no trend', False,1, 0.0)|
25S25E11P001M,|('no trend', False,1, 0.0)|
29S28E31F002M,|('no trend', False,0.173546222, -1.360897063089832)|
29S28E31J002M,|('no trend', False,0.327106907, -0.9799578870122228)|
29S28E19L001M,|('no trend', False,0.110211837, 1.597241716949005)|
30S27E03B002M,|('no trend', False,0.452370361, -0.7514691493021795)|
26S40E30K001M,|('no trend', False,0.298500251, -1.0396549201255079)|
30S29E06B080M,|('no trend', False,1, 0)|
31S30E20T081M,|('no trend', False,1, 0)|
32S28E30D002M,|('no trend', False,1, 0)|
27S25E24C001M,|('no trend', False,0.296269871, 1.044465935734187)|
09N10W24F001S,|('no trend', False,0.220671362, -1.224744871391589)|
30S27E11G001M,|('no trend', False,0.876269664, -0.1556997888323046)|
30S27E11R001M,|('no trend', False,0.754454177, -0.3127716210856122)|
29S28E35E003M,|('no trend', False,0.548005572, 0.6007514091861106)|
30S28E01J002M,|('no trend', False,1, 0)|
30S28E06C003M,|('decreasing', True,0.009374768, -2.598076211353316)|
31S30E29C001M,|('no trend', False,0.296269871, -1.044465935734187)|
31S24E25E004M,|('no trend', False,1, 0)|
W0601502664,|('no trend', False,0.296269871, 1.044465935734187)|
31S30E30M001M,|('no trend', False,0.296269871, -1.044465935734187)|
32S27E24P001M,|('no trend', False,0.308179547, 1.0190493307301363)|
29S27E25R001M,|('increasing', True,0.040461836, 2.04900285466192)|
30S29E36K001M,|('no trend', False,1, 0.0)|
31S24E13J003M,|('no trend', False,1, 0)|
26S25E31F001M,|('no trend', False,1, 0.0)|
29S28E32L001M,|('increasing', True,0.008123423, 2.646896410149178)|
W0601500515,|('no trend', False,0.089429359, 1.6984155512168937)|
31S30E17E001M,|('no trend', False,0.881930721, 0.14852213144650114)|
11N22W13Q001S,|('no trend', False,0.308179547, 1.0190493307301363)|
W0601502607,|('no trend', False,1, 0.0)|
26S24E12P001M,|('no trend', False,1, 0.0)|
28S25E13L001M,|('no trend', False,1, 0.0)|
27S25E03H001M,|('no trend', False,0.734095182, -0.3396831102433787)|
27S26E06L001M,|('no trend', False,1, 0.0)|
W0601503509,|('no trend', False,1, 0.0)|
W0601510009,|('increasing', True,3.62E-14, 7.573955864297152)|
W0601502771,|('no trend', False,0.220671362, 1.224744871391589)|
W0601500599,|('no trend', False,0.063486531, 1.8557687223952255)|
W0601500340,|('increasing', True,0.027195157, 2.2087051361325662)|
W0601500296,|('no trend', False,0.207902227, -1.2593547459966667)|
W0601502663,|('increasing', True,0.040134998, 2.0523568127251828)|
W0601500517,|('no trend', False,0.467671404, 0.7262730392025629)|
W0601502253,|('no trend', False,1, 0.0)|
W0601503537,|('no trend', False,1, 0.0)|
W0601500507,|('no trend', False,0.146576034, -1.4517323726225955)|
W0601503653,|('no trend', False,1, 0.0)|
W0601510016,|('no trend', False,0.257808356, 1.1315864106987361)|
W0601500462,|('no trend', False,1, 0.0)|
W0601502281,|('no trend', False,1, 0)|
W0601503350,|('no trend', False,1, 0)|
W0601502449,|('increasing', True,0.020044669, 2.3255106965997814)|
W0601503330,|('no trend', False,1, 0)|
W0601503661,|('no trend', False,1, 0)|
W0601502044,|('no trend', False,1, 0)|
W0601502757,|('no trend', False,0.198256397, 1.2865350418053538)|
W0601500408,|('no trend', False,0.132854956, 1.502938298604359)|
W0601500413,|('no trend', False,0.180072004, 1.3405333651089393)|
W0601503214,|('no trend', False,1, 0)|
W0601500508,|('no trend', False,0.312321422, 1.0103629710818451)|
W0601502649,|('no trend', False,1, 0.0)|
W0601502017,|('increasing', True,0.012821685, 2.4886840673530206)|
W0601502164,|('no trend', False,0.348082624, 0.9383148632568366)|
W0601502153,|('no trend', False,1, 0)|
W0601500452,|('no trend', False,0.100680111, -1.6415653633362466)|
W0601502629,|('no trend', False,0.47648541, -0.7119666788018509)|
W0601502210,|('no trend', False,1, 0.0)|
W0601504003,|('no trend', False,1, 0)|
W0601500442,|('no trend', False,0.457717434, -0.7426106572325056)|
W0601500593,|('no trend', False,0.885233914, -0.14433756729740646)|
W0601500564,|('increasing', True,0.024170547, 2.2544074479065386)|
W0601502753,|('no trend', False,1, 0.0)|
W0601500494,|('increasing', True,0.027100105, 2.210072874489157)|
W0604200618,|('no trend', False,0.734095182, 0.3396831102433787)|
W0601503336,|('no trend', False,0.296269871, 1.044465935734187)|
USGS-353902117420501,|('no trend', False,1, 0.0)|
USGS-354330117500501,|('no trend', False,1, 0.0)|
USGS-351740117535002,|('no trend', False,1, 0)|
USGS-354610117433601,|('no trend', False,0.308179547, 1.0190493307301363)|
W0601502162,|('increasing', True,0.018744676, 2.3505701129970804)|
W0603610042,|('no trend', False,1, 0.0)|
USGS-353833117424001,|('no trend', False,0.533829422, 0.6221710168382552)|
USGS-353627117413401,|('no trend', False,1, 0.0)|
USGS-350737118000301,|('no trend', False,1, 0)|
USGS-354540119130401,|('no trend', False,1, 0.0)|
USGS-353027119230901,|('no trend', False,1, 0.0)|
USGS-354629117463901,|('no trend', False,0.870175499, -0.16343556928908737)|
USGS-354726119112001,|('no trend', False,1, 0.0)|
USGS-353045119220201,|('no trend', False,0.089429359, 1.6984155512168937)|
USGS-353847119100601,|('no trend', False,0.089429359, 1.6984155512168937)|
USGS-354307119183701,|('no trend', False,1, 0.0)|
31S30E06E001M,|('no trend', False,1, 0.0)|
30S28E18B001M,|('no trend', False,0.088678329, -1.702411111575101)|
25S25E11E001M,|('no trend', False,1, 0.0)|
W0601500513,|('no trend', False,1, 0.0)|
30S28E18N002M,|('no trend', False,1, 0)|
32S29E21B001M,|('no trend', False,1, 0)|
31S29E11B001M,|('no trend', False,1, 0.0)|
USGS-354633117513501,|('no trend', False,1, 0.0)|
29S28E36J003M,|('no trend', False,0.806495941, 0.2449489742783178)|
USGS-354258117403901,|('no trend', False,0.259656356, 1.1272037239532693)|
31S25E13B001M,|('no trend', False,1, 0)|
29S28E36L080M,|('no trend', False,1, 0)|
27S24E08F001M,|('no trend', False,0.520050527, 0.6432675209026769)|
28S26E05F001M,|('no trend', False,0.734095182, 0.3396831102433787)|
29S28E36L081M,|('no trend', False,1, 0)|
30S28E06M002M,|('decreasing', True,0.031823127, -2.146625258399798)|
28S26E24C001M,|('no trend', False,0.643428844, -0.4629100498862757)|
W0601502383,|('no trend', False,0.089429359, 1.6984155512168937)|
USGS-353844117424401,|('no trend', False,0.075945285, 1.7747130188322278)|
11N18W19D001S,|('no trend', False,1, 0.0)|
USGS-354039117382801,|('no trend', False,1, 0.0)|
27S25E33M001M,|('no trend', False,0.296269871, 1.044465935734187)|
USGS-354654119422203,|('no trend', False,1, 0)|
30S27E23L002M,|('no trend', False,1, 0.0)|
12N20W33R002S,|('no trend', False,1, 0)|
W0601502556,|('no trend', False,1, 0.0)|
29S25E10N001M,|('no trend', False,1, 0.0)|
USGS-354549117442001,|('no trend', False,1, 0.0)|
28S26E05A001M,|('no trend', False,1, 0.0)|
28S26E27C001M,|('no trend', False,0.089429359, -1.6984155512168937)|
USGS-353948117401501,|('no trend', False,1, 0)|
W0601502550,|('no trend', False,1, 0)|
W0601503203,|('no trend', False,1, 0)|
11N19W22G001S,|('no trend', False,1, 0.0)|
26S25E35B001M,|('no trend', False,1, 0.0)|
USGS-345518118172601,|('increasing', True,4.70E-06, 4.577903373557539)|
W0601500562,|('no trend', False,0.551729799, -0.5951700641394974)|
11N19W21Q001S,|('no trend', False,0.806495941, -0.2449489742783178)|
09N14W24L001S,|('no trend', False,1, 0)|
11N21W11Q001S,|('no trend', False,1, 0.0)|
26S39E30J002M,|('no trend', False,1, 0)|
USGS-350815119042501,|('no trend', False,1, 0)|
USGS-354521117422301,|('no trend', False,0.367520738, 0.9011271137791659)|
USGS-350829117590201,|('no trend', False,1, 0)|
USGS-353304119361901,|('no trend', False,1, 0.0)|
USGS-350426117424201,|('no trend', False,1, 0.0)|
USGS-351545118021101,|('no trend', False,1, 0.0)|
USGS-353849117441701,|('no trend', False,0.462432726, 0.7348469228349533)|
USGS-350023117491601,|('no trend', False,1, 0.0)|
USGS-354011117400001,|('no trend', False,0.089429359, 1.6984155512168937)|
USGS-351231119061701,|('no trend', False,1, 0.0)|
USGS-354000120042301,|('no trend', False,0.643428844, 0.4629100498862757)|
USGS-352053118500201,|('no trend', False,1, 0.0)|
USGS-353652117404201,|('no trend', False,0.107404636, 1.6099689437998486)|
USGS-350819119043501,|('no trend', False,1, 0)|
USGS-354004119121501,|('no trend', False,1, 0.0)|
USGS-350006117393001,|('no trend', False,1, 0.0)|
USGS-354036117400701,|('no trend', False,0.63122182, 0.48000783692661914)|
USGS-351327118530601,|('no trend', False,0.296269871, 1.044465935734187)|
USGS-345212117561801,|('no trend', False,1, 0.0)|
USGS-354021117381801,|('no trend', False,1, 0.0)|
USGS-354643119142601,|('no trend', False,1, 0.0)|
USGS-353851117491403,|('no trend', False,0.225479297, -1.2120864305257124)|
USGS-345151118090201,|('decreasing', True,0.001861689, -3.1114532680414717)|
GAGW10000039,|('no trend', False,0.387177592, -0.8647471368090611)|
USGS-350050117463001,|('no trend', False,1, 0.0)|
USGS-345147118150501,|('no trend', False,1, 0.0)|
USGS-353616117394701,|('no trend', False,0.308179547, 1.0190493307301363)|
USGS-345954117431501,|('no trend', False,1, 0.0)|
USGS-353721117404001,|('increasing', True,0.002666682, 3.003757045930553)|
USGS-353948117385601,|('no trend', False,0.296269871, 1.044465935734187)|
USGS-354550119083101,|('no trend', False,1, 0.0)|
USGS-345949117510501,|('decreasing', True,0.015307461, -2.4250219614231483)|
USGS-353606117424601,|('no trend', False,1, 0.0)|
USGS-353958117431902,|('no trend', False,0.132854956, 1.502938298604359)|
USGS-353520117413101,|('no trend', False,1, 0.0)|
USGS-354020117384201,|('no trend', False,0.536186772, 0.6185895741317419)|
USGS-344954118172501,|('no trend', False,1, 0.0)|
USGS-345210118090601,|('no trend', False,1, 0.0)|
USGS-350055117474001,|('no trend', False,0.079025382, 1.7563692393356014)|
USGS-350025117530001,|('no trend', False,0.452370361, -0.7514691493021795)|
USGS-352024118565501,|('no trend', False,1, 0.0)|
USGS-354211117431801,|('no trend', False,1, 0.0)|
USGS-350042117484901,|('no trend', False,1, 0.0)|
USGS-350049117485001,|('no trend', False,1, 0.0)|
USGS-345106118185201,|('no trend', False,0.265510389, 1.1134612334371354)|
USGS-353607119173801,|('no trend', False,1, 0.0)|
USGS-353935117442001,|('no trend', False,1, 0.0)|
USGS-345949117392002,|('no trend', False,1, 0.0)|
USGS-354119117400601,|('no trend', False,1, 0.0)|
USGS-351607117571001,|('no trend', False,0.090521245, 1.692654532112021)|
USGS-353545117485301,|('no trend', False,0.229556214, -1.2015028183722212)|
USGS-353929117383501,|('no trend', False,1, 0.0)|
11N19W14Q001S,|('no trend', False,1, 0.0)|
11N20W07Q001S,|('no trend', False,0.296269871, 1.044465935734187)|
32S28E28R001M,|('no trend', False,1, 0.0)|
10N18W21E002SS,|('no trend', False,1, 0.0)|
31S29E36G001M,|('no trend', False,0.220671362, 1.224744871391589)|
31S29E10K001M,|('no trend', False,0.296269871, -1.044465935734187)|
26S25E09F001M,|('no trend', False,1, 0.0)|
32S28E29R080M,|('no trend', False,1, 0)|
11N19W25F001S,|('no trend', False,0.734095182, -0.3396831102433787)|
11N13W19C003S,|('no trend', False,1, 0.0)|
26S25E34R001M,|('no trend', False,0.296269871, 1.044465935734187)|
27S26E07P001M,|('no trend', False,0.296269871, 1.044465935734187)|
30S28E05K001M,|('no trend', False,1, 0)|
30S28E05C001M,|('no trend', False,0.640428787, -0.46709936649691375)|
28S25E36J001M,|('no trend', False,0.296269871, 1.044465935734187)|
11N20W17H001S,|('no trend', False,0.296269871, -1.044465935734187)|
30S28E01J081M,|('no trend', False,1, 0)|
11N19W22E001S,|('no trend', False,0.533829422, 0.6221710168382552)|
11N21W04H001S,|('no trend', False,1, 0.0)|
11N21W07D001S,|('no trend', False,1, 0.0)|
30S26E34A001M,|('no trend', False,0.296269871, 1.044465935734187)|
31S29E02K001M,|('increasing', True,0.016260937, 2.4030056367444423)|
30S24E11J001M,|('no trend', False,0.296269871, 1.044465935734187)|
09N10W24C001S,|('no trend', False,1, 0.0)|
28S26E14A001M,|('no trend', False,0.089429359, 1.6984155512168937)|
29S24E24F001M,|('no trend', False,0.734095182, 0.3396831102433787)|
31S24E13J001M,|('no trend', False,1, 0)|
11N09W33F001S,|('no trend', False,1, 0)|
30S29E34B001M,|('no trend', False,0.198256397, -1.2865350418053538)|
25S24E35R001M,|('no trend', False,0.296269871, 1.044465935734187)|
29S27E25G001M,|('no trend', False,0.348082624, 0.9383148632568366)|
29S27E26P002M,|('no trend', False,1, 0)|
30S28E20C001M,|('no trend', False,0.086410733, 1.7146428199482247)|
31S29E01M001M,|('no trend', False,1, 0.0)|
27S24E01L003M,|('no trend', False,1, 0)|
11N09W26R001S,|('no trend', False,0.452370361, -0.7514691493021795)|
10N20W01H001S,|('no trend', False,0.089429359, 1.6984155512168937)|
28S26E09D001M,|('no trend', False,0.734095182, 0.3396831102433787)|
27S26E30F001M,|('no trend', False,0.132854956, 1.502938298604359)|
29S27E36K002M,|('no trend', False,1, 0.0)|
12N20W33P002S,|('no trend', False,0.132854956, 1.502938298604359)|
09N20W36F002S,|('no trend', False,1, 0.0)|
11N20W09R001S,|('no trend', False,1, 0.0)|
32S37E22N001M,|('no trend', False,1, 0.0)|
30S27E23D001M,|('decreasing', True,0.016156931, -2.4053511772118195)|
USGS-353843117402401,|('no trend', False,1, 0.0)|
USGS-350040117531801,|('no trend', False,1, 0.0)|
USGS-354146119180501,|('no trend', False,1, 0.0)|
USGS-350044117523501,|('no trend', False,1, 0.0)|
USGS-353634117385401,|('no trend', False,1, 0.0)|
USGS-353307119055501,|('no trend', False,1, 0.0)|
USGS-350055117523501,|('no trend', False,1, 0.0)|
USGS-353306119552301,|('no trend', False,1, 0.0)|
USGS-353707117381801,|('no trend', False,0.060289174, -1.8786728732554487)|
USGS-354541119260901,|('no trend', False,1, 0.0)|
USGS-351548118001601,|('no trend', False,1, 0.0)|
USGS-350145117485701,|('no trend', False,1, 0.0)|
USGS-354054117410701,|('no trend', False,1, 0.0)|
USGS-352136117545101,|('no trend', False,0.202376446, -1.2748101523224886)|
USGS-350425117422801,|('no trend', False,1, 0.0)|
USGS-352248117492901,|('no trend', False,0.734095182, -0.3396831102433787)|
USGS-353828117401301,|('increasing', True,0.016260937, 2.4030056367444423)|
11N09W28K001S,|('no trend', False,1, 0.0)|
25S26E16P001M,|('no trend', False,1, 0.0)|
31S30E20G003M,|('no trend', False,1, 0.0)|
30S28E18K001M,|('no trend', False,0.10776229, 1.6083328927425289)|
USGS-354558119023001,|('no trend', False,1, 0.0)|
30S27E01M001M,|('no trend', False,0.10311923, -1.629916103983299)|
29S28E21D001M,|('no trend', False,0.089429359, 1.6984155512168937)|
26S25E15F001M,|('no trend', False,0.296269871, -1.044465935734187)|
11N22W03F001S,|('no trend', False,0.579639271, -0.5539117094069973)|
30S27E02A001M,|('no trend', False,0.296269871, -1.044465935734187)|
30S37E28H001M,|('no trend', False,1, 0.0)|
USGS-354118117431301,|('no trend', False,0.089429359, 1.6984155512168937)|
28S26E16L001M,|('no trend', False,0.296269871, 1.044465935734187)|
29S28E29D001M,|('increasing', True,0.038088284, 2.0739033894608507)|
27S25E23C001M,|('no trend', False,0.089429359, 1.6984155512168937)|
USGS-353847119205701,|('no trend', False,1, 0.0)|
26S40E32K002M,|('no trend', False,1, 0.0)|
28S26E36D001M,|('no trend', False,0.296269871, 1.044465935734187)|
W0601500190,|('increasing', True,0.009374768, 2.598076211353316)|
W0601502697,|('no trend', False,1, 0.0)|
W0601503210,|('no trend', False,1, 0)|
W0601502687,|('no trend', False,1, 0.0)|
W0601502680,|('no trend', False,1, 0)|
